,league,season,game,team,player,jersey_number,nation,pos,age,min,Touches,Touches,Touches,Touches,Touches,Touches,Touches,Take-Ons,Take-Ons,Take-Ons,Take-Ons,Take-Ons,Carries,Carries,Carries,Carries,Carries,Carries,Carries,Carries,Receiving,Receiving,game_id
,,,,,,,,,,,Touches,Def Pen,Def 3rd,Mid 3rd,Att 3rd,Att Pen,Live,Att,Succ,Succ%,Tkld,Tkld%,Carries,TotDist,PrgDist,PrgC,1/3,CPA,Mis,Dis,Rec,PrgR,
16,ENG-Premier League,2324,2023-08-11 Burnley-Manchester City,Manchester City,Aymeric Laporte,14,ESP,CB,29-076,12,14,2,7,6,1,1,14,0,0,,0,,10,23,1,0,0,0,0,0,10,0,3a6836b4
17,ENG-Premier League,2324,2023-08-11 Burnley-Manchester City,Manchester City,Bernardo Silva,20,POR,"CM,RW",29-001,90,75,1,10,50,15,0,75,1,0,0.0,1,100.0,58,327,119,2,1,0,0,0,59,3,3a6836b4
18,ENG-Premier League,2324,2023-08-11 Burnley-Manchester City,Manchester City,Cole Palmer,80,ENG,LM,21-097,11,6,0,0,4,2,0,6,0,0,,0,,6,35,4,0,0,0,1,0,6,0,3a6836b4
19,ENG-Premier League,2324,2023-08-11 Burnley-Manchester City,Manchester City,Ederson,31,BRA,GK,29-359,90,75,47,74,1,0,0,75,0,0,,0,,49,196,131,0,0,0,0,0,48,0,3a6836b4
20,ENG-Premier League,2324,2023-08-11 Burnley-Manchester City,Manchester City,Erling Haaland,9,NOR,FW,23-021,79,18,1,3,4,11,5,18,0,0,,0,,15,59,34,1,2,0,1,2,16,3,3a6836b4
21,ENG-Premier League,2324,2023-08-11 Burnley-Manchester City,Manchester City,James Mcatee,87,ENG,"DM,RB",20-297,1,1,0,0,0,1,0,1,0,0,,0,,0,0,0,0,0,0,0,0,0,0,3a6836b4
22,ENG-Premier League,2324,2023-08-11 Burnley-Manchester City,Manchester City,Joško Gvardiol,24,CRO,LB,21-200,12,13,0,3,8,2,1,13,0,0,,0,,4,10,5,0,0,0,1,0,4,1,3a6836b4
23,ENG-Premier League,2324,2023-08-11 Burnley-Manchester City,Manchester City,Julián Álvarez,19,ARG,"LM,AM,FW",23-192,90,53,0,2,22,29,4,53,0,0,,0,,25,104,50,2,2,1,2,1,40,6,3a6836b4
24,ENG-Premier League,2324,2023-08-11 Burnley-Manchester City,Manchester City,Kevin De Bruyne,17,BEL,DM,32-044,22,12,0,0,4,8,0,12,0,0,,0,,5,29,25,0,0,0,0,0,8,3,3a6836b4
25,ENG-Premier League,2324,2023-08-11 Burnley-Manchester City,Manchester City,Kyle Walker,2,ENG,RB,33-075,89,81,3,22,42,17,1,81,3,0,0.0,1,33.3,48,218,71,1,0,1,1,0,55,3,3a6836b4
26,ENG-Premier League,2324,2023-08-11 Burnley-Manchester City,Manchester City,Manuel Akanji,25,SUI,"CB,RB",28-023,90,109,10,57,49,3,0,109,0,0,,0,,78,488,250,1,0,0,0,0,90,1,3a6836b4
27,ENG-Premier League,2324,2023-08-11 Burnley-Manchester City,Manchester City,Mateo Kovačić,8,CRO,CM,29-097,68,72,3,11,51,10,0,72,3,1,33.3,0,0.0,50,333,140,1,2,0,0,1,63,2,3a6836b4
28,ENG-Premier League,2324,2023-08-11 Burnley-Manchester City,Manchester City,Nathan Aké,6,NED,CB,28-174,78,79,2,36,39,5,2,79,0,0,,0,,53,233,93,1,0,0,0,0,61,0,3a6836b4
29,ENG-Premier League,2324,2023-08-11 Burnley-Manchester City,Manchester City,Phil Foden,47,ENG,"RM,LW",23-075,90,58,1,1,26,31,5,58,2,1,50.0,1,50.0,43,196,79,1,4,0,2,3,47,4,3a6836b4
30,ENG-Premier League,2324,2023-08-11 Burnley-Manchester City,Manchester City,Rico Lewis,82,ENG,LB,18-263,78,47,2,14,22,12,0,47,1,1,100.0,0,0.0,30,146,65,1,1,0,0,1,28,1,3a6836b4
31,ENG-Premier League,2324,2023-08-11 Burnley-Manchester City,Manchester City,Rodri,16,ESP,"DM,CB",27-050,90,122,3,27,84,11,4,122,0,0,,0,,84,327,173,1,1,1,1,1,97,1,3a6836b4
397,ENG-Premier League,2324,2023-08-19 Manchester City-Newcastle Utd,Manchester City,Ederson,31,BRA,GK,30-002,90,50,41,50,0,0,0,50,0,0,,0,,31,138,62,0,0,0,0,0,35,0,0b8f50a5
398,ENG-Premier League,2324,2023-08-19 Manchester City-Newcastle Utd,Manchester City,Erling Haaland,9,NOR,FW,23-029,90,22,0,0,8,14,6,22,1,0,0.0,1,100.0,15,86,49,3,1,3,3,1,20,5,0b8f50a5
399,ENG-Premier League,2324,2023-08-19 Manchester City-Newcastle Utd,Manchester City,Jack Grealish,10,ENG,LW,27-343,90,62,2,10,21,32,5,62,2,1,50.0,1,50.0,36,376,173,6,2,3,1,2,39,11,0b8f50a5
400,ENG-Premier League,2324,2023-08-19 Manchester City-Newcastle Utd,Manchester City,Joško Gvardiol,24,CRO,LB,21-208,90,73,1,24,46,4,0,73,3,1,33.3,2,66.7,40,193,71,1,0,0,1,0,53,0,0b8f50a5
401,ENG-Premier League,2324,2023-08-19 Manchester City-Newcastle Utd,Manchester City,Julián Álvarez,19,ARG,AM,23-200,90,40,0,5,19,16,3,40,3,2,66.7,1,33.3,25,130,62,3,1,1,3,0,32,5,0b8f50a5
402,ENG-Premier League,2324,2023-08-19 Manchester City-Newcastle Utd,Manchester City,Kyle Walker,2,ENG,RB,33-083,90,76,1,15,38,24,2,76,2,2,100.0,0,0.0,35,208,133,2,2,0,1,1,56,9,0b8f50a5
403,ENG-Premier League,2324,2023-08-19 Manchester City-Newcastle Utd,Manchester City,Manuel Akanji,25,SUI,CB,28-031,90,68,4,23,34,11,0,68,0,0,,0,,30,143,59,0,0,0,0,0,51,0,0b8f50a5
404,ENG-Premier League,2324,2023-08-19 Manchester City-Newcastle Utd,Manchester City,Mateo Kovačić,8,CRO,DM,29-105,90,102,1,10,74,19,0,102,2,2,100.0,0,0.0,64,330,146,3,1,0,0,0,91,1,0b8f50a5
405,ENG-Premier League,2324,2023-08-19 Manchester City-Newcastle Utd,Manchester City,Phil Foden,47,ENG,RW,23-083,90,61,0,7,29,30,4,61,3,3,100.0,0,0.0,32,270,197,6,7,2,1,1,51,10,0b8f50a5
406,ENG-Premier League,2324,2023-08-19 Manchester City-Newcastle Utd,Manchester City,Rodri,16,ESP,DM,27-058,90,144,7,29,93,22,1,144,3,3,100.0,0,0.0,66,297,148,1,2,0,1,0,117,1,0b8f50a5
407,ENG-Premier League,2324,2023-08-19 Manchester City-Newcastle Utd,Manchester City,Rúben Dias,3,POR,CB,26-097,90,90,8,39,49,2,0,90,0,0,,0,,60,247,123,0,0,0,0,0,82,0,0b8f50a5
845,ENG-Premier League,2324,2023-08-27 Sheffield Utd-Manchester City,Manchester City,Bernardo Silva,20,POR,"RW,DM",29-017,90,61,1,4,19,38,4,61,2,1,50.0,1,50.0,50,464,279,11,6,3,1,2,55,15,0844ff10
846,ENG-Premier League,2324,2023-08-27 Sheffield Utd-Manchester City,Manchester City,Ederson,31,BRA,GK,30-010,90,33,26,33,0,0,0,33,0,0,,0,,24,84,68,0,0,0,0,0,23,0,0844ff10
847,ENG-Premier League,2324,2023-08-27 Sheffield Utd-Manchester City,Manchester City,Erling Haaland,9,NOR,FW,23-037,90,23,0,0,4,19,11,22,1,1,100.0,0,0.0,15,15,4,0,0,0,3,0,19,3,0844ff10
848,ENG-Premier League,2324,2023-08-27 Sheffield Utd-Manchester City,Manchester City,Jack Grealish,10,ENG,LW,27-351,90,63,0,5,18,41,12,63,3,1,33.3,0,0.0,47,540,245,10,2,6,4,0,46,13,0844ff10
849,ENG-Premier League,2324,2023-08-27 Sheffield Utd-Manchester City,Manchester City,Joško Gvardiol,24,CRO,LB,21-216,90,108,1,13,78,18,0,108,1,0,0.0,1,100.0,79,518,396,6,4,0,0,1,83,2,0844ff10
850,ENG-Premier League,2324,2023-08-27 Sheffield Utd-Manchester City,Manchester City,Julián Álvarez,19,ARG,AM,23-208,90,67,0,2,17,49,9,67,0,0,,0,,44,156,91,1,6,0,2,1,46,10,0844ff10
851,ENG-Premier League,2324,2023-08-27 Sheffield Utd-Manchester City,Manchester City,Kyle Walker,2,ENG,RB,33-091,90,95,4,9,44,42,4,95,3,2,66.7,1,33.3,68,357,191,5,7,0,0,0,75,12,0844ff10
852,ENG-Premier League,2324,2023-08-27 Sheffield Utd-Manchester City,Manchester City,Mateo Kovačić,8,CRO,DM,29-113,85,85,0,5,49,31,2,85,2,1,50.0,1,50.0,67,419,180,5,6,0,1,0,70,7,0844ff10
853,ENG-Premier League,2324,2023-08-27 Sheffield Utd-Manchester City,Manchester City,Nathan Aké,6,NED,CB,28-190,90,89,3,34,53,2,1,89,0,0,,0,,66,359,266,1,1,0,0,0,64,0,0844ff10
854,ENG-Premier League,2324,2023-08-27 Sheffield Utd-Manchester City,Manchester City,Phil Foden,47,ENG,RW,23-091,5,12,0,0,2,10,3,12,2,1,50.0,1,50.0,11,44,21,0,0,0,0,0,11,2,0844ff10
855,ENG-Premier League,2324,2023-08-27 Sheffield Utd-Manchester City,Manchester City,Rodri,16,ESP,DM,27-066,90,133,1,16,82,35,5,133,3,2,66.7,1,33.3,100,433,220,2,4,1,1,1,105,6,0844ff10
856,ENG-Premier League,2324,2023-08-27 Sheffield Utd-Manchester City,Manchester City,Rúben Dias,3,POR,CB,26-105,90,124,4,32,74,19,2,124,0,0,,0,,105,530,324,1,4,0,1,0,103,3,0844ff10
1043,ENG-Premier League,2324,2023-09-02 Manchester City-Fulham,Manchester City,Bernardo Silva,20,POR,DM,29-023,15,22,0,2,13,7,0,22,0,0,,0,,15,77,28,0,0,0,0,0,18,0,88066bdf
1044,ENG-Premier League,2324,2023-09-02 Manchester City-Fulham,Manchester City,Ederson,31,BRA,GK,30-016,90,47,35,47,0,0,0,47,0,0,,0,,31,130,82,0,0,0,0,0,37,0,88066bdf
1045,ENG-Premier League,2324,2023-09-02 Manchester City-Fulham,Manchester City,Erling Haaland,9,NOR,FW,23-043,90,17,2,2,6,9,4,16,1,0,0.0,1,100.0,9,27,11,0,0,0,2,0,10,3,88066bdf
1046,ENG-Premier League,2324,2023-09-02 Manchester City-Fulham,Manchester City,Jeremy Doku,11,BEL,RW,21-098,75,36,0,2,19,16,0,36,4,2,50.0,1,25.0,24,111,60,2,0,0,2,2,26,4,88066bdf
1047,ENG-Premier League,2324,2023-09-02 Manchester City-Fulham,Manchester City,Julián Álvarez,19,ARG,AM,23-214,89,41,0,0,23,19,2,41,1,1,100.0,0,0.0,26,159,114,3,3,1,0,2,35,5,88066bdf
1048,ENG-Premier League,2324,2023-09-02 Manchester City-Fulham,Manchester City,Kalvin Phillips,4,ENG,DM,27-274,7,14,1,1,11,2,0,14,1,1,100.0,0,0.0,6,28,19,0,0,0,1,0,11,0,88066bdf
1049,ENG-Premier League,2324,2023-09-02 Manchester City-Fulham,Manchester City,Kyle Walker,2,ENG,RB,33-097,90,109,4,22,67,20,2,109,1,1,100.0,0,0.0,51,208,111,3,0,0,0,0,89,9,88066bdf
1050,ENG-Premier League,2324,2023-09-02 Manchester City-Fulham,Manchester City,Manuel Akanji,25,SUI,CB,28-045,90,114,7,29,81,5,2,114,0,0,,0,,73,370,224,1,0,0,0,0,93,0,88066bdf
1051,ENG-Premier League,2324,2023-09-02 Manchester City-Fulham,Manchester City,Mateo Kovačić,8,CRO,DM,29-119,83,58,2,6,39,14,0,58,0,0,,0,,38,165,68,2,3,0,0,0,48,2,88066bdf
1052,ENG-Premier League,2324,2023-09-02 Manchester City-Fulham,Manchester City,Nathan Aké,6,NED,LB,28-196,90,101,2,33,58,10,2,101,0,0,,0,,55,185,105,1,1,0,1,0,67,2,88066bdf
1053,ENG-Premier League,2324,2023-09-02 Manchester City-Fulham,Manchester City,Oscar Bobb,52,NOR,RW,20-052,1,4,0,0,1,3,1,4,2,2,100.0,0,0.0,3,35,26,1,1,0,0,0,4,0,88066bdf
1054,ENG-Premier League,2324,2023-09-02 Manchester City-Fulham,Manchester City,Phil Foden,47,ENG,"LW,RW",23-097,89,51,0,5,27,19,5,51,4,2,50.0,2,50.0,31,162,51,2,0,1,3,1,43,9,88066bdf
1055,ENG-Premier League,2324,2023-09-02 Manchester City-Fulham,Manchester City,Rico Lewis,82,ENG,AM,18-285,1,4,0,0,1,3,1,4,0,0,,0,,5,8,0,0,0,0,0,1,5,2,88066bdf
1056,ENG-Premier League,2324,2023-09-02 Manchester City-Fulham,Manchester City,Rodri,16,ESP,DM,27-072,75,97,3,19,75,4,0,97,1,1,100.0,0,0.0,63,298,166,1,1,0,0,1,84,0,88066bdf
1057,ENG-Premier League,2324,2023-09-02 Manchester City-Fulham,Manchester City,Rúben Dias,3,POR,CB,26-111,90,112,8,53,58,1,0,112,0,0,,0,,87,542,385,1,1,0,0,0,95,0,88066bdf
1058,ENG-Premier League,2324,2023-09-02 Manchester City-Fulham,Manchester City,Sergio Gómez,21,ESP,LW,22-363,15,11,0,1,4,6,1,11,2,2,100.0,0,0.0,7,34,22,1,0,1,0,0,8,2,88066bdf
1327,ENG-Premier League,2324,2023-09-16 West Ham-Manchester City,Manchester City,Bernardo Silva,20,POR,"DM,RW",29-037,89,79,0,6,29,44,2,79,1,1,100.0,0,0.0,71,432,257,6,5,0,2,1,71,9,64c0a6e2
1328,ENG-Premier League,2324,2023-09-16 West Ham-Manchester City,Manchester City,Ederson,31,BRA,GK,30-030,90,32,29,31,1,0,0,32,0,0,,0,,28,137,71,0,0,0,0,0,24,0,64c0a6e2
1329,ENG-Premier League,2324,2023-09-16 West Ham-Manchester City,Manchester City,Erling Haaland,9,NOR,FW,23-057,89,22,0,0,5,17,11,22,0,0,,0,,17,34,10,0,0,0,0,0,18,10,64c0a6e2
1330,ENG-Premier League,2324,2023-09-16 West Ham-Manchester City,Manchester City,Jeremy Doku,11,BEL,LW,21-112,89,61,0,6,17,39,13,61,8,3,37.5,5,62.5,46,405,279,13,0,11,3,0,45,16,64c0a6e2
1331,ENG-Premier League,2324,2023-09-16 West Ham-Manchester City,Manchester City,Joško Gvardiol,24,CRO,LB,21-236,89,89,2,17,51,21,3,89,1,1,100.0,0,0.0,64,268,134,2,1,1,0,2,62,1,64c0a6e2
1332,ENG-Premier League,2324,2023-09-16 West Ham-Manchester City,Manchester City,Julián Álvarez,19,ARG,AM,23-228,90,67,0,5,18,44,4,67,0,0,,0,,45,283,158,6,4,1,0,0,47,7,64c0a6e2
1333,ENG-Premier League,2324,2023-09-16 West Ham-Manchester City,Manchester City,Kyle Walker,2,ENG,RB,33-111,90,102,3,14,53,36,2,102,0,0,,0,,79,269,143,2,4,0,0,2,77,13,64c0a6e2
1334,ENG-Premier League,2324,2023-09-16 West Ham-Manchester City,Manchester City,Manuel Akanji,25,SUI,CB,28-059,90,97,9,26,62,9,0,97,0,0,,0,,83,511,347,5,3,0,0,1,81,1,64c0a6e2
1335,ENG-Premier League,2324,2023-09-16 West Ham-Manchester City,Manchester City,Matheus Nunes,27,POR,DM,25-020,24,24,0,4,9,11,1,24,0,0,,0,,22,57,22,0,0,0,0,0,23,3,64c0a6e2
1336,ENG-Premier League,2324,2023-09-16 West Ham-Manchester City,Manchester City,Nathan Aké,6,NED,LB,28-210,1,1,0,0,1,0,0,1,0,0,,0,,1,0,0,0,0,0,0,0,1,0,64c0a6e2
1337,ENG-Premier League,2324,2023-09-16 West Ham-Manchester City,Manchester City,Oscar Bobb,52,NOR,RW,20-066,1,2,0,0,1,2,0,2,1,0,0.0,0,0.0,1,43,36,1,1,0,0,0,1,0,64c0a6e2
1338,ENG-Premier League,2324,2023-09-16 West Ham-Manchester City,Manchester City,Phil Foden,47,ENG,RW,23-111,66,48,0,2,6,40,6,48,1,0,0.0,1,100.0,40,120,28,2,0,2,3,1,38,11,64c0a6e2
1339,ENG-Premier League,2324,2023-09-16 West Ham-Manchester City,Manchester City,Rico Lewis,82,ENG,"AM,FW",18-299,1,1,0,0,0,1,0,1,0,0,,0,,1,1,0,0,0,0,0,0,1,0,64c0a6e2
1340,ENG-Premier League,2324,2023-09-16 West Ham-Manchester City,Manchester City,Rodri,16,ESP,DM,27-086,90,125,3,11,76,39,3,125,3,2,66.7,1,33.3,109,528,367,9,7,0,1,0,111,2,64c0a6e2
1341,ENG-Premier League,2324,2023-09-16 West Ham-Manchester City,Manchester City,Rúben Dias,3,POR,CB,26-125,90,80,3,25,50,5,3,80,0,0,,0,,66,446,346,5,2,0,0,0,66,1,64c0a6e2
1342,ENG-Premier League,2324,2023-09-16 West Ham-Manchester City,Manchester City,Sergio Gómez,21,ESP,LW,23-012,1,7,0,1,3,3,1,7,0,0,,0,,5,40,31,2,0,0,0,0,4,0,64c0a6e2
1594,ENG-Premier League,2324,2023-09-23 Manchester City-Nott'ham Forest,Manchester City,Ederson,31,BRA,GK,30-037,90,39,31,37,2,0,0,39,0,0,,0,,19,111,68,0,0,0,0,0,16,0,5dc7e234
1595,ENG-Premier League,2324,2023-09-23 Manchester City-Nott'ham Forest,Manchester City,Erling Haaland,9,NOR,FW,23-064,90,24,1,2,4,18,3,24,0,0,,0,,16,46,13,0,1,0,2,1,20,3,5dc7e234
1596,ENG-Premier League,2324,2023-09-23 Manchester City-Nott'ham Forest,Manchester City,Jack Grealish,10,ENG,CM,28-013,4,3,0,0,1,2,0,3,0,0,,0,,2,21,0,0,0,0,1,1,3,0,5dc7e234
1597,ENG-Premier League,2324,2023-09-23 Manchester City-Nott'ham Forest,Manchester City,Jeremy Doku,11,BEL,LW,21-119,50,30,0,4,5,21,1,30,6,3,50.0,2,33.3,27,141,87,4,1,1,1,0,26,5,5dc7e234
1598,ENG-Premier League,2324,2023-09-23 Manchester City-Nott'ham Forest,Manchester City,Joško Gvardiol,24,CRO,"LB,CB",21-243,90,89,6,20,62,7,0,89,2,1,50.0,0,0.0,59,264,116,1,2,0,2,0,61,3,5dc7e234
1599,ENG-Premier League,2324,2023-09-23 Manchester City-Nott'ham Forest,Manchester City,Julián Álvarez,19,ARG,"AM,RW",23-235,56,31,2,3,8,20,2,31,2,0,0.0,2,100.0,16,57,13,0,1,0,0,0,23,2,5dc7e234
1600,ENG-Premier League,2324,2023-09-23 Manchester City-Nott'ham Forest,Manchester City,Kalvin Phillips,4,ENG,"CM,DM",27-295,40,23,2,4,13,7,0,23,2,0,0.0,2,100.0,7,87,21,1,2,0,2,2,8,1,5dc7e234
1601,ENG-Premier League,2324,2023-09-23 Manchester City-Nott'ham Forest,Manchester City,Kyle Walker,2,ENG,RB,33-118,90,66,2,11,33,24,1,66,1,0,0.0,1,100.0,31,164,98,2,3,0,1,0,46,6,5dc7e234
1602,ENG-Premier League,2324,2023-09-23 Manchester City-Nott'ham Forest,Manchester City,Manuel Akanji,25,SUI,CB,28-066,90,89,4,21,62,6,0,89,0,0,,0,,72,275,137,1,2,0,1,1,77,1,5dc7e234
1603,ENG-Premier League,2324,2023-09-23 Manchester City-Nott'ham Forest,Manchester City,Matheus Nunes,27,POR,"DM,CM",25-027,90,65,3,7,37,21,2,65,2,0,0.0,2,100.0,38,159,35,0,1,0,4,1,53,6,5dc7e234
1604,ENG-Premier League,2324,2023-09-23 Manchester City-Nott'ham Forest,Manchester City,Nathan Aké,6,NED,LB,28-217,34,9,0,4,1,4,1,9,0,0,,0,,2,2,0,0,0,0,0,0,3,0,5dc7e234
1605,ENG-Premier League,2324,2023-09-23 Manchester City-Nott'ham Forest,Manchester City,Phil Foden,47,ENG,"RW,CM,LW",23-118,86,60,3,10,19,32,2,60,4,3,75.0,1,25.0,40,149,70,1,3,1,0,0,48,4,5dc7e234
1606,ENG-Premier League,2324,2023-09-23 Manchester City-Nott'ham Forest,Manchester City,Rodri,16,ESP,DM,27-093,45,81,1,6,59,16,1,81,1,1,100.0,0,0.0,52,195,125,1,0,0,2,1,71,0,5dc7e234
1607,ENG-Premier League,2324,2023-09-23 Manchester City-Nott'ham Forest,Manchester City,Rúben Dias,3,POR,CB,26-132,90,80,10,23,56,1,0,80,0,0,,0,,58,338,209,0,0,0,0,1,64,0,5dc7e234
1991,ENG-Premier League,2324,2023-09-30 Wolves-Manchester City,Manchester City,Ederson,31,BRA,GK,30-044,90,18,12,18,0,0,0,18,0,0,,0,,10,53,41,0,0,0,0,0,9,0,60ce29cd
1992,ENG-Premier League,2324,2023-09-30 Wolves-Manchester City,Manchester City,Erling Haaland,9,NOR,FW,23-071,90,14,0,0,4,10,5,14,2,1,50.0,1,50.0,3,22,2,0,0,0,0,0,11,5,60ce29cd
1993,ENG-Premier League,2324,2023-09-30 Wolves-Manchester City,Manchester City,Jack Grealish,10,ENG,LW,28-020,11,13,0,0,3,10,3,13,0,0,,0,,13,68,38,2,1,2,1,2,13,10,60ce29cd
1994,ENG-Premier League,2324,2023-09-30 Wolves-Manchester City,Manchester City,Jeremy Doku,11,BEL,"LW,RW",21-126,90,69,0,2,6,61,13,69,7,6,85.7,1,14.3,53,560,384,14,6,6,2,1,55,25,60ce29cd
1995,ENG-Premier League,2324,2023-09-30 Wolves-Manchester City,Manchester City,Julián Álvarez,19,ARG,"AM,RW",23-242,90,40,0,3,13,24,2,40,1,1,100.0,0,0.0,20,111,43,0,0,0,0,1,26,4,60ce29cd
1996,ENG-Premier League,2324,2023-09-30 Wolves-Manchester City,Manchester City,Kalvin Phillips,4,ENG,DM,27-302,26,30,0,4,16,10,1,30,0,0,,0,,23,183,116,5,0,1,1,0,22,2,60ce29cd
1997,ENG-Premier League,2324,2023-09-30 Wolves-Manchester City,Manchester City,Kyle Walker,2,ENG,"RB,CB",33-125,90,74,0,14,30,31,0,74,0,0,,0,,50,252,182,2,2,0,1,0,57,4,60ce29cd
1998,ENG-Premier League,2324,2023-09-30 Wolves-Manchester City,Manchester City,Manuel Akanji,25,SUI,CB,28-073,90,112,3,28,51,33,3,112,1,1,100.0,0,0.0,70,354,270,2,5,0,1,0,77,3,60ce29cd
1999,ENG-Premier League,2324,2023-09-30 Wolves-Manchester City,Manchester City,Mateo Kovačić,8,CRO,DM,29-147,64,61,0,4,36,21,0,61,2,0,0.0,2,100.0,46,242,153,1,1,0,0,1,54,1,60ce29cd
2000,ENG-Premier League,2324,2023-09-30 Wolves-Manchester City,Manchester City,Matheus Nunes,27,POR,DM,25-034,45,35,2,2,12,21,1,35,2,1,50.0,1,50.0,25,162,75,3,4,0,2,0,31,5,60ce29cd
2001,ENG-Premier League,2324,2023-09-30 Wolves-Manchester City,Manchester City,Nathan Aké,6,NED,LB,28-224,79,70,0,10,27,33,3,70,0,0,,0,,43,217,153,3,4,0,0,0,50,1,60ce29cd
2002,ENG-Premier League,2324,2023-09-30 Wolves-Manchester City,Manchester City,Oscar Bobb,52,NOR,"DM,LM",20-080,45,18,0,1,5,12,0,18,1,1,100.0,0,0.0,12,51,28,1,0,0,1,1,11,2,60ce29cd
2003,ENG-Premier League,2324,2023-09-30 Wolves-Manchester City,Manchester City,Phil Foden,47,ENG,"RW,AM,RM",23-125,90,45,1,4,10,31,5,45,2,1,50.0,0,0.0,22,89,53,2,2,1,3,1,31,5,60ce29cd
2004,ENG-Premier League,2324,2023-09-30 Wolves-Manchester City,Manchester City,Rúben Dias,3,POR,CB,26-139,90,133,6,26,81,27,3,133,0,0,,0,,98,936,721,6,11,0,0,0,105,1,60ce29cd
2309,ENG-Premier League,2324,2023-10-08 Arsenal-Manchester City,Manchester City,Bernardo Silva,20,POR,"CM,RM",29-059,90,72,6,19,47,6,0,72,0,0,,0,,49,227,112,2,1,0,0,1,59,3,59cd18ae
2310,ENG-Premier League,2324,2023-10-08 Arsenal-Manchester City,Manchester City,Ederson,31,BRA,GK,30-052,90,54,42,54,0,0,0,54,0,0,,0,,40,149,94,0,0,0,0,0,38,0,59cd18ae
2311,ENG-Premier League,2324,2023-10-08 Arsenal-Manchester City,Manchester City,Erling Haaland,9,NOR,FW,23-079,90,20,1,1,9,10,3,20,1,1,100.0,0,0.0,9,35,22,1,0,0,2,1,14,0,59cd18ae
2312,ENG-Premier League,2324,2023-10-08 Arsenal-Manchester City,Manchester City,Jeremy Doku,11,BEL,LW,21-134,23,20,2,12,3,5,2,20,7,1,14.3,4,57.1,12,127,74,2,1,2,2,0,9,3,59cd18ae
2313,ENG-Premier League,2324,2023-10-08 Arsenal-Manchester City,Manchester City,John Stones,5,ENG,CM,29-133,23,11,0,1,10,0,0,11,0,0,,0,,7,45,33,0,0,0,0,0,8,0,59cd18ae
2314,ENG-Premier League,2324,2023-10-08 Arsenal-Manchester City,Manchester City,Joško Gvardiol,24,CRO,LB,21-258,90,62,3,28,20,15,2,62,0,0,,0,,27,98,33,1,2,0,1,2,29,3,59cd18ae
2315,ENG-Premier League,2324,2023-10-08 Arsenal-Manchester City,Manchester City,Julián Álvarez,19,ARG,RW,23-250,67,29,3,5,10,14,4,29,0,0,,0,,15,70,50,1,0,0,4,1,17,5,59cd18ae
2316,ENG-Premier League,2324,2023-10-08 Arsenal-Manchester City,Manchester City,Kyle Walker,2,ENG,RB,33-133,90,57,2,14,32,13,0,57,1,1,100.0,0,0.0,27,166,122,4,3,0,0,0,40,7,59cd18ae
2317,ENG-Premier League,2324,2023-10-08 Arsenal-Manchester City,Manchester City,Mateo Kovačić,8,CRO,LM,29-155,67,45,2,12,26,7,0,45,0,0,,0,,23,117,63,0,1,0,1,2,32,0,59cd18ae
2318,ENG-Premier League,2324,2023-10-08 Arsenal-Manchester City,Manchester City,Matheus Nunes,27,POR,LM,25-042,23,22,2,3,17,3,0,22,1,1,100.0,0,0.0,16,104,58,1,1,0,1,1,16,0,59cd18ae
2319,ENG-Premier League,2324,2023-10-08 Arsenal-Manchester City,Manchester City,Nathan Aké,6,NED,CB,28-232,90,72,5,34,37,1,1,72,0,0,,0,,50,168,105,0,0,0,0,0,54,0,59cd18ae
2320,ENG-Premier League,2324,2023-10-08 Arsenal-Manchester City,Manchester City,Phil Foden,47,ENG,"LW,RW",23-133,90,48,2,15,19,15,1,48,9,4,44.4,5,55.6,29,113,59,0,1,0,1,2,31,3,59cd18ae
2321,ENG-Premier League,2324,2023-10-08 Arsenal-Manchester City,Manchester City,Rico Lewis,82,ENG,RM,18-321,67,34,0,4,23,7,1,34,1,0,0.0,1,100.0,22,78,43,1,1,0,0,0,32,3,59cd18ae
2322,ENG-Premier League,2324,2023-10-08 Arsenal-Manchester City,Manchester City,Rúben Dias,3,POR,CB,26-147,90,92,2,27,58,7,0,92,0,0,,0,,65,267,193,1,2,0,0,0,81,0,59cd18ae
2545,ENG-Premier League,2324,2023-10-21 Manchester City-Brighton,Manchester City,Bernardo Silva,20,POR,"CM,DM",29-072,90,62,2,5,32,25,2,62,0,0,,0,,34,134,72,3,2,0,1,1,48,5,b782a834
2546,ENG-Premier League,2324,2023-10-21 Manchester City-Brighton,Manchester City,Erling Haaland,9,NOR,FW,23-092,90,21,1,3,10,8,1,21,0,0,,0,,14,97,39,2,0,2,1,1,14,3,b782a834
2547,ENG-Premier League,2324,2023-10-21 Manchester City-Brighton,Manchester City,Jack Grealish,10,ENG,LW,28-041,16,14,0,6,1,7,1,14,0,0,,0,,5,8,0,0,0,0,0,0,7,1,b782a834
2548,ENG-Premier League,2324,2023-10-21 Manchester City-Brighton,Manchester City,Jeremy Doku,11,BEL,LW,21-147,74,50,0,2,12,36,10,50,7,5,71.4,1,14.3,42,472,358,14,4,8,4,0,44,15,b782a834
2549,ENG-Premier League,2324,2023-10-21 Manchester City-Brighton,Manchester City,John Stones,5,ENG,DM,29-146,74,48,1,11,23,14,1,48,1,0,0.0,1,100.0,24,111,43,0,0,0,0,0,39,2,b782a834
2550,ENG-Premier League,2324,2023-10-21 Manchester City-Brighton,Manchester City,Joško Gvardiol,24,CRO,LB,21-271,90,91,2,11,50,30,0,91,1,1,100.0,0,0.0,51,228,152,2,3,0,0,0,67,2,b782a834
2551,ENG-Premier League,2324,2023-10-21 Manchester City-Brighton,Manchester City,Julián Álvarez,19,ARG,"CM,AM",23-263,89,54,1,6,29,20,3,54,3,2,66.7,1,33.3,31,112,23,0,2,0,2,1,41,3,b782a834
2552,ENG-Premier League,2324,2023-10-21 Manchester City-Brighton,Manchester City,Kyle Walker,2,ENG,RB,33-146,90,76,2,27,40,10,0,76,0,0,,0,,30,89,19,0,0,0,1,0,51,0,b782a834
2553,ENG-Premier League,2324,2023-10-21 Manchester City-Brighton,Manchester City,Manuel Akanji,25,SUI,CB,28-094,89,87,10,39,47,3,0,87,0,0,,0,,53,226,107,1,0,0,0,0,75,1,b782a834
2554,ENG-Premier League,2324,2023-10-21 Manchester City-Brighton,Manchester City,Nathan Aké,6,NED,CB,28-245,1,0,0,0,0,0,0,0,0,0,,0,,0,0,0,0,0,0,0,0,0,0,b782a834
2555,ENG-Premier League,2324,2023-10-21 Manchester City-Brighton,Manchester City,Phil Foden,47,ENG,RW,23-146,90,51,0,2,26,23,3,51,2,1,50.0,1,50.0,28,173,102,3,1,1,2,2,36,3,b782a834
2556,ENG-Premier League,2324,2023-10-21 Manchester City-Brighton,Manchester City,Rodri,16,ESP,DM,27-121,90,96,3,20,59,18,0,96,3,1,33.3,1,33.3,53,269,82,0,2,0,0,0,76,2,b782a834
2557,ENG-Premier League,2324,2023-10-21 Manchester City-Brighton,Manchester City,Rúben Dias,3,POR,CB,26-160,16,12,1,2,10,0,0,12,0,0,,0,,8,25,11,0,0,0,0,0,10,0,b782a834
2558,ENG-Premier League,2324,2023-10-21 Manchester City-Brighton,Manchester City,Stefan Ortega,18,GER,GK,30-349,90,59,35,59,0,0,0,59,0,0,,0,,46,145,78,0,0,0,0,0,47,0,b782a834
2956,ENG-Premier League,2324,2023-10-29 Manchester Utd-Manchester City,Manchester City,Bernardo Silva,20,POR,"DM,RM",29-080,90,71,2,8,26,37,6,71,2,2,100.0,0,0.0,46,249,98,4,3,0,2,3,59,10,f6bfec82
2957,ENG-Premier League,2324,2023-10-29 Manchester Utd-Manchester City,Manchester City,Ederson,31,BRA,GK,30-073,90,43,28,43,0,0,0,43,0,0,,0,,23,126,84,0,0,0,0,0,29,0,f6bfec82
2958,ENG-Premier League,2324,2023-10-29 Manchester Utd-Manchester City,Manchester City,Erling Haaland,9,NOR,FW,23-100,90,20,0,2,4,14,5,19,0,0,,0,,9,25,3,0,0,0,2,1,13,5,f6bfec82
2959,ENG-Premier League,2324,2023-10-29 Manchester Utd-Manchester City,Manchester City,Jack Grealish,10,ENG,LW,28-049,86,53,0,5,12,36,8,53,5,3,60.0,1,20.0,35,299,121,5,2,5,3,3,38,10,f6bfec82
2960,ENG-Premier League,2324,2023-10-29 Manchester Utd-Manchester City,Manchester City,Jeremy Doku,11,BEL,LW,21-155,4,4,0,0,0,4,1,4,4,2,50.0,1,25.0,4,52,35,2,1,1,0,0,4,1,f6bfec82
2961,ENG-Premier League,2324,2023-10-29 Manchester Utd-Manchester City,Manchester City,John Stones,5,ENG,CB,29-154,90,57,5,15,25,17,2,57,0,0,,0,,30,122,45,2,2,0,0,2,46,3,f6bfec82
2962,ENG-Premier League,2324,2023-10-29 Manchester Utd-Manchester City,Manchester City,Joško Gvardiol,24,CRO,LB,21-279,90,81,3,16,52,15,0,81,2,1,50.0,1,50.0,46,333,225,5,5,0,2,0,58,3,f6bfec82
2963,ENG-Premier League,2324,2023-10-29 Manchester Utd-Manchester City,Manchester City,Julián Álvarez,19,ARG,AM,23-271,86,58,0,1,23,36,2,58,1,1,100.0,0,0.0,33,281,139,3,4,1,0,0,39,3,f6bfec82
2964,ENG-Premier League,2324,2023-10-29 Manchester Utd-Manchester City,Manchester City,Kyle Walker,2,ENG,RB,33-154,90,87,3,12,56,19,2,87,1,1,100.0,0,0.0,47,380,237,7,4,0,0,0,63,3,f6bfec82
2965,ENG-Premier League,2324,2023-10-29 Manchester Utd-Manchester City,Manchester City,Mateo Kovačić,8,CRO,"LM,AM",29-176,4,8,1,1,4,3,0,8,0,0,,0,,3,20,10,1,0,0,0,0,3,0,f6bfec82
2966,ENG-Premier League,2324,2023-10-29 Manchester Utd-Manchester City,Manchester City,Phil Foden,47,ENG,RW,23-154,90,70,0,8,17,47,11,70,2,1,50.0,1,50.0,42,280,100,1,4,0,4,0,52,17,f6bfec82
2967,ENG-Premier League,2324,2023-10-29 Manchester Utd-Manchester City,Manchester City,Rodri,16,ESP,"DM,CM",27-129,90,96,2,19,53,25,1,96,1,1,100.0,0,0.0,44,267,149,0,3,0,0,1,73,3,f6bfec82
2968,ENG-Premier League,2324,2023-10-29 Manchester Utd-Manchester City,Manchester City,Rúben Dias,3,POR,CB,26-168,90,86,9,31,52,3,1,86,0,0,,0,,57,339,157,1,0,0,0,0,76,1,f6bfec82
3146,ENG-Premier League,2324,2023-11-04 Manchester City-Bournemouth,Manchester City,Bernardo Silva,20,POR,AM,29-086,84,76,0,6,20,50,6,76,1,1,100.0,0,0.0,69,385,205,9,2,5,1,0,71,10,e75a870b
3147,ENG-Premier League,2324,2023-11-04 Manchester City-Bournemouth,Manchester City,Ederson,31,BRA,GK,30-079,90,49,24,49,0,0,0,49,0,0,,0,,35,147,94,0,0,0,0,0,35,0,e75a870b
3148,ENG-Premier League,2324,2023-11-04 Manchester City-Bournemouth,Manchester City,Erling Haaland,9,NOR,FW,23-106,45,13,0,0,1,12,4,13,1,1,100.0,0,0.0,11,44,12,0,0,0,0,0,12,4,e75a870b
3149,ENG-Premier League,2324,2023-11-04 Manchester City-Bournemouth,Manchester City,Jeremy Doku,11,BEL,WB,21-161,90,50,0,3,13,37,11,50,6,5,83.3,0,0.0,41,438,279,11,2,8,1,2,42,11,e75a870b
3150,ENG-Premier League,2324,2023-11-04 Manchester City-Bournemouth,Manchester City,John Stones,5,ENG,CB,29-160,70,57,5,19,38,0,0,57,0,0,,0,,45,305,172,0,0,0,0,0,46,0,e75a870b
3151,ENG-Premier League,2324,2023-11-04 Manchester City-Bournemouth,Manchester City,Julián Álvarez,19,ARG,"AM,FW",23-277,70,62,0,2,16,45,4,62,0,0,,0,,47,159,75,3,5,1,3,0,46,10,e75a870b
3152,ENG-Premier League,2324,2023-11-04 Manchester City-Bournemouth,Manchester City,Kalvin Phillips,4,ENG,CM,27-337,20,20,0,5,12,4,0,20,0,0,,0,,15,104,65,1,3,0,0,0,16,0,e75a870b
3153,ENG-Premier League,2324,2023-11-04 Manchester City-Bournemouth,Manchester City,Kyle Walker,2,ENG,"WB,CB",33-160,90,90,3,18,40,32,1,90,0,0,,0,,67,200,74,1,2,0,2,0,65,11,e75a870b
3154,ENG-Premier League,2324,2023-11-04 Manchester City-Bournemouth,Manchester City,Manuel Akanji,25,SUI,CB,28-108,90,86,4,21,56,9,2,86,0,0,,0,,70,352,190,1,1,0,0,0,67,1,e75a870b
3155,ENG-Premier League,2324,2023-11-04 Manchester City-Bournemouth,Manchester City,Mateo Kovačić,8,CRO,CM,29-182,90,65,1,5,34,26,2,65,2,2,100.0,0,0.0,58,284,82,1,4,0,0,2,58,4,e75a870b
3156,ENG-Premier League,2324,2023-11-04 Manchester City-Bournemouth,Manchester City,Matheus Nunes,27,POR,AM,25-069,20,16,1,3,9,4,0,16,1,0,0.0,1,100.0,15,46,17,1,0,0,0,1,14,1,e75a870b
3157,ENG-Premier League,2324,2023-11-04 Manchester City-Bournemouth,Manchester City,Nathan Aké,6,NED,CB,28-259,90,81,4,14,51,16,3,81,0,0,,0,,65,375,258,4,3,0,0,0,62,5,e75a870b
3158,ENG-Premier League,2324,2023-11-04 Manchester City-Bournemouth,Manchester City,Oscar Bobb,52,NOR,AM,20-115,6,9,0,1,0,8,3,9,0,0,,0,,7,24,11,1,0,1,1,0,8,4,e75a870b
3159,ENG-Premier League,2324,2023-11-04 Manchester City-Bournemouth,Manchester City,Phil Foden,47,ENG,"FW,AM",23-160,45,37,0,1,21,15,2,37,1,0,0.0,0,0.0,32,121,45,0,1,0,2,0,35,3,e75a870b
3160,ENG-Premier League,2324,2023-11-04 Manchester City-Bournemouth,Manchester City,Rico Lewis,82,ENG,"CB,WB",18-348,20,18,3,8,6,4,1,18,1,0,0.0,1,100.0,15,96,56,0,1,0,0,0,14,1,e75a870b
3161,ENG-Premier League,2324,2023-11-04 Manchester City-Bournemouth,Manchester City,Rodri,16,ESP,CM,27-135,70,103,2,10,72,21,1,103,0,0,,0,,89,427,245,5,1,0,0,0,89,0,e75a870b
3528,ENG-Premier League,2324,2023-11-12 Chelsea-Manchester City,Manchester City,Bernardo Silva,20,POR,CM,29-094,90,64,1,10,29,27,4,64,1,1,100.0,0,0.0,41,264,145,6,2,1,4,1,50,11,53bb8f30
3529,ENG-Premier League,2324,2023-11-12 Chelsea-Manchester City,Manchester City,Ederson,31,BRA,GK,30-087,90,48,32,48,0,0,0,48,0,0,,0,,33,142,105,0,0,0,0,0,33,0,53bb8f30
3530,ENG-Premier League,2324,2023-11-12 Chelsea-Manchester City,Manchester City,Erling Haaland,9,NOR,FW,23-114,90,19,0,1,6,12,8,18,1,0,0.0,0,0.0,9,31,24,1,0,1,1,0,13,4,53bb8f30
3531,ENG-Premier League,2324,2023-11-12 Chelsea-Manchester City,Manchester City,Jack Grealish,10,ENG,LW,28-063,32,25,0,2,7,16,4,25,3,1,33.3,1,33.3,18,93,57,3,1,2,1,1,18,8,53bb8f30
3532,ENG-Premier League,2324,2023-11-12 Chelsea-Manchester City,Manchester City,Jeremy Doku,11,BEL,LW,21-169,58,24,0,1,3,20,9,24,10,4,40.0,3,30.0,18,220,144,5,3,5,2,2,21,7,53bb8f30
3533,ENG-Premier League,2324,2023-11-12 Chelsea-Manchester City,Manchester City,Joško Gvardiol,24,CRO,LB,21-293,90,75,3,14,47,14,1,75,1,0,0.0,0,0.0,44,222,159,3,1,0,1,1,45,0,53bb8f30
3534,ENG-Premier League,2324,2023-11-12 Chelsea-Manchester City,Manchester City,Julián Álvarez,19,ARG,CM,23-285,78,47,0,2,12,33,8,47,1,1,100.0,0,0.0,30,124,87,2,2,0,1,2,38,7,53bb8f30
3535,ENG-Premier League,2324,2023-11-12 Chelsea-Manchester City,Manchester City,Kyle Walker,2,ENG,RB,33-168,90,70,5,20,32,19,1,70,3,0,0.0,2,66.7,36,124,63,1,0,0,1,0,42,4,53bb8f30
3536,ENG-Premier League,2324,2023-11-12 Chelsea-Manchester City,Manchester City,Manuel Akanji,25,SUI,DM,28-116,90,71,7,32,32,7,1,71,0,0,,0,,38,232,129,1,2,0,0,1,50,1,53bb8f30
3537,ENG-Premier League,2324,2023-11-12 Chelsea-Manchester City,Manchester City,Mateo Kovačić,8,CRO,CM,29-190,12,16,0,2,11,4,0,16,1,1,100.0,0,0.0,7,57,46,1,1,0,0,0,11,0,53bb8f30
3538,ENG-Premier League,2324,2023-11-12 Chelsea-Manchester City,Manchester City,Phil Foden,47,ENG,RW,23-168,90,54,1,4,15,36,5,54,11,5,45.5,5,45.5,40,283,106,4,2,2,3,1,39,16,53bb8f30
3539,ENG-Premier League,2324,2023-11-12 Chelsea-Manchester City,Manchester City,Rodri,16,ESP,DM,27-143,90,86,4,22,45,20,1,86,1,1,100.0,0,0.0,49,245,124,1,4,0,0,1,64,2,53bb8f30
3540,ENG-Premier League,2324,2023-11-12 Chelsea-Manchester City,Manchester City,Rúben Dias,3,POR,CB,26-182,90,98,10,44,50,4,0,98,0,0,,0,,56,382,230,2,1,0,0,0,73,0,53bb8f30
3704,ENG-Premier League,2324,2023-11-25 Manchester City-Liverpool,Manchester City,Bernardo Silva,20,POR,CM,29-107,90,81,2,10,44,27,4,81,4,3,75.0,1,25.0,55,261,135,2,0,1,1,0,63,8,5d4a5006
3705,ENG-Premier League,2324,2023-11-25 Manchester City-Liverpool,Manchester City,Ederson,31,BRA,GK,30-100,90,47,40,47,0,0,0,47,0,0,,0,,33,121,100,0,0,0,0,0,34,0,5d4a5006
3706,ENG-Premier League,2324,2023-11-25 Manchester City-Liverpool,Manchester City,Erling Haaland,9,NOR,FW,23-127,90,19,1,3,5,12,8,19,0,0,,0,,8,62,25,3,0,2,0,0,10,1,5d4a5006
3707,ENG-Premier League,2324,2023-11-25 Manchester City-Liverpool,Manchester City,Jeremy Doku,11,BEL,LW,21-182,90,71,0,3,20,49,14,71,17,12,70.6,3,17.6,58,523,343,13,2,9,7,2,60,25,5d4a5006
3708,ENG-Premier League,2324,2023-11-25 Manchester City-Liverpool,Manchester City,Julián Álvarez,19,ARG,CM,23-298,90,52,0,7,16,29,2,52,1,1,100.0,0,0.0,27,151,67,2,0,0,2,1,33,7,5d4a5006
3709,ENG-Premier League,2324,2023-11-25 Manchester City-Liverpool,Manchester City,Kyle Walker,2,ENG,RB,33-181,90,64,3,21,33,11,1,64,0,0,,0,,40,166,74,1,1,0,1,0,42,3,5d4a5006
3710,ENG-Premier League,2324,2023-11-25 Manchester City-Liverpool,Manchester City,Manuel Akanji,25,SUI,DM,28-129,90,96,9,31,43,22,0,96,0,0,,0,,57,229,93,1,0,0,2,0,69,1,5d4a5006
3711,ENG-Premier League,2324,2023-11-25 Manchester City-Liverpool,Manchester City,Nathan Aké,6,NED,LB,28-280,90,77,4,32,36,10,0,77,1,1,100.0,0,0.0,41,121,25,1,1,0,0,0,51,0,5d4a5006
3712,ENG-Premier League,2324,2023-11-25 Manchester City-Liverpool,Manchester City,Phil Foden,47,ENG,RW,23-181,90,48,1,7,12,30,4,48,1,0,0.0,1,100.0,33,194,88,1,4,0,0,1,38,11,5d4a5006
3713,ENG-Premier League,2324,2023-11-25 Manchester City-Liverpool,Manchester City,Rodri,16,ESP,DM,27-156,90,112,3,28,63,21,1,112,1,0,0.0,1,100.0,77,297,134,1,0,1,0,2,94,1,5d4a5006
3714,ENG-Premier League,2324,2023-11-25 Manchester City-Liverpool,Manchester City,Rúben Dias,3,POR,CB,26-195,90,93,16,58,32,3,2,93,0,0,,0,,64,287,130,0,0,0,0,0,73,0,5d4a5006
4136,ENG-Premier League,2324,2023-12-03 Manchester City-Tottenham,Manchester City,Bernardo Silva,20,POR,CM,29-115,90,91,1,7,36,48,9,91,4,1,25.0,3,75.0,54,249,134,6,1,2,2,1,55,8,0e39f016
4137,ENG-Premier League,2324,2023-12-03 Manchester City-Tottenham,Manchester City,Ederson,31,BRA,GK,30-108,90,45,35,44,1,0,0,45,0,0,,0,,34,99,67,0,0,0,0,0,36,0,0e39f016
4138,ENG-Premier League,2324,2023-12-03 Manchester City-Tottenham,Manchester City,Erling Haaland,9,NOR,FW,23-135,90,24,1,1,9,16,8,24,3,2,66.7,1,33.3,17,50,17,1,1,1,2,1,20,4,0e39f016
4139,ENG-Premier League,2324,2023-12-03 Manchester City-Tottenham,Manchester City,Jack Grealish,10,ENG,LW,28-084,39,23,1,2,5,16,2,23,2,1,50.0,1,50.0,16,114,49,2,3,1,1,1,16,2,0e39f016
4140,ENG-Premier League,2324,2023-12-03 Manchester City-Tottenham,Manchester City,Jeremy Doku,11,BEL,LW,21-190,51,40,0,0,6,34,11,40,3,1,33.3,1,33.3,31,247,192,10,2,10,3,0,34,9,0e39f016
4141,ENG-Premier League,2324,2023-12-03 Manchester City-Tottenham,Manchester City,Joško Gvardiol,24,CRO,LB,21-314,86,72,2,11,39,24,0,72,2,1,50.0,0,0.0,46,180,78,2,2,0,1,0,52,1,0e39f016
4142,ENG-Premier League,2324,2023-12-03 Manchester City-Tottenham,Manchester City,Julián Álvarez,19,ARG,CM,23-306,86,50,1,4,8,38,4,50,1,1,100.0,0,0.0,28,120,55,2,2,2,3,1,28,3,0e39f016
4143,ENG-Premier League,2324,2023-12-03 Manchester City-Tottenham,Manchester City,Kyle Walker,2,ENG,RB,33-189,90,80,4,26,43,12,0,80,1,1,100.0,0,0.0,55,217,74,2,2,0,0,0,62,0,0e39f016
4144,ENG-Premier League,2324,2023-12-03 Manchester City-Tottenham,Manchester City,Manuel Akanji,25,SUI,DM,28-137,90,64,6,23,30,12,2,64,0,0,,0,,43,164,66,0,0,0,0,0,48,0,0e39f016
4145,ENG-Premier League,2324,2023-12-03 Manchester City-Tottenham,Manchester City,Mateo Kovačić,8,CRO,CM,29-211,4,3,0,0,3,0,0,3,0,0,,0,,2,31,25,1,0,0,0,0,2,0,0e39f016
4146,ENG-Premier League,2324,2023-12-03 Manchester City-Tottenham,Manchester City,Nathan Aké,6,NED,LB,28-288,4,5,0,3,1,1,0,5,0,0,,0,,4,17,6,0,0,0,0,0,3,0,0e39f016
4147,ENG-Premier League,2324,2023-12-03 Manchester City-Tottenham,Manchester City,Phil Foden,47,ENG,RW,23-189,72,48,1,5,17,27,6,48,0,0,,0,,39,179,90,4,1,3,2,0,41,4,0e39f016
4148,ENG-Premier League,2324,2023-12-03 Manchester City-Tottenham,Manchester City,Rico Lewis,82,ENG,RW,19-012,18,14,0,2,1,11,2,14,1,1,100.0,0,0.0,6,24,17,1,2,0,0,1,9,1,0e39f016
4149,ENG-Premier League,2324,2023-12-03 Manchester City-Tottenham,Manchester City,Rodri,16,ESP,DM,27-164,90,86,4,21,42,23,2,86,0,0,,0,,59,168,74,1,0,0,1,1,67,1,0e39f016
4150,ENG-Premier League,2324,2023-12-03 Manchester City-Tottenham,Manchester City,Rúben Dias,3,POR,CB,26-203,90,75,10,39,32,5,1,75,0,0,,0,,47,234,77,0,0,0,0,1,50,0,0e39f016
4264,ENG-Premier League,2324,2023-12-06 Aston Villa-Manchester City,Manchester City,Bernardo Silva,20,POR,RW,29-118,90,54,2,14,22,18,3,54,3,2,66.7,1,33.3,37,254,144,5,3,1,1,0,37,2,0ad90506
4265,ENG-Premier League,2324,2023-12-06 Aston Villa-Manchester City,Manchester City,Ederson,31,BRA,GK,30-111,90,46,42,45,1,0,0,46,0,0,,0,,25,107,71,0,0,0,0,0,26,0,0ad90506
4266,ENG-Premier League,2324,2023-12-06 Aston Villa-Manchester City,Manchester City,Erling Haaland,9,NOR,FW,23-138,90,15,2,4,7,4,2,15,1,0,0.0,1,100.0,10,70,32,1,1,0,0,0,12,3,0ad90506
4267,ENG-Premier League,2324,2023-12-06 Aston Villa-Manchester City,Manchester City,John Stones,5,ENG,DM,29-192,90,55,7,19,26,10,1,55,2,0,0.0,1,50.0,31,179,68,2,1,0,3,1,41,1,0ad90506
4268,ENG-Premier League,2324,2023-12-06 Aston Villa-Manchester City,Manchester City,Joško Gvardiol,24,CRO,LB,21-317,90,77,7,32,36,10,0,77,0,0,,0,,49,187,58,0,1,0,0,0,49,1,0ad90506
4269,ENG-Premier League,2324,2023-12-06 Aston Villa-Manchester City,Manchester City,Julián Álvarez,19,ARG,CM,23-309,67,36,3,13,15,8,0,36,3,0,0.0,3,100.0,16,59,24,1,0,0,1,0,22,2,0ad90506
4270,ENG-Premier League,2324,2023-12-06 Aston Villa-Manchester City,Manchester City,Kyle Walker,2,ENG,RB,33-192,90,86,5,28,42,16,1,86,1,0,0.0,1,100.0,58,389,288,2,1,0,3,0,61,3,0ad90506
4271,ENG-Premier League,2324,2023-12-06 Aston Villa-Manchester City,Manchester City,Manuel Akanji,25,SUI,DM,28-140,90,74,6,27,39,8,1,74,0,0,,0,,48,184,92,1,1,0,0,0,55,4,0ad90506
4272,ENG-Premier League,2324,2023-12-06 Aston Villa-Manchester City,Manchester City,Mateo Kovačić,8,CRO,CM,29-214,23,19,1,2,11,6,0,19,0,0,,0,,13,85,23,0,0,0,0,0,13,1,0ad90506
4273,ENG-Premier League,2324,2023-12-06 Aston Villa-Manchester City,Manchester City,Matheus Nunes,27,POR,CM,25-101,23,18,0,0,6,12,2,18,1,0,0.0,1,100.0,14,58,29,0,0,0,1,0,14,4,0ad90506
4274,ENG-Premier League,2324,2023-12-06 Aston Villa-Manchester City,Manchester City,Oscar Bobb,52,NOR,LW,20-147,18,10,3,4,3,3,0,10,0,0,,0,,5,18,17,1,0,0,1,0,5,1,0ad90506
4275,ENG-Premier League,2324,2023-12-06 Aston Villa-Manchester City,Manchester City,Phil Foden,47,ENG,LW,23-192,72,32,0,6,10,16,1,32,1,0,0.0,1,100.0,25,124,64,0,2,0,2,1,24,4,0ad90506
4276,ENG-Premier League,2324,2023-12-06 Aston Villa-Manchester City,Manchester City,Rico Lewis,82,ENG,CM,19-015,67,26,0,7,8,11,1,26,1,0,0.0,1,100.0,16,62,40,1,1,0,0,2,17,2,0ad90506
4277,ENG-Premier League,2324,2023-12-06 Aston Villa-Manchester City,Manchester City,Rúben Dias,3,POR,CB,26-206,90,117,19,63,51,3,1,117,0,0,,0,,76,352,199,0,0,0,0,1,83,1,0ad90506
4741,ENG-Premier League,2324,2023-12-10 Luton Town-Manchester City,Manchester City,Bernardo Silva,20,POR,"RW,CM",29-122,90,60,1,6,17,37,5,60,2,1,50.0,1,50.0,42,233,127,3,6,0,1,2,45,4,f6155857
4742,ENG-Premier League,2324,2023-12-10 Luton Town-Manchester City,Manchester City,Ederson,31,BRA,GK,30-115,90,30,28,30,0,0,0,30,0,0,,0,,26,131,95,0,0,0,0,0,20,0,f6155857
4743,ENG-Premier League,2324,2023-12-10 Luton Town-Manchester City,Manchester City,Jack Grealish,10,ENG,"LW,LM",28-091,90,52,0,4,12,36,6,52,5,3,60.0,1,20.0,42,329,134,4,6,4,1,2,42,5,f6155857
4744,ENG-Premier League,2324,2023-12-10 Luton Town-Manchester City,Manchester City,John Stones,5,ENG,CB,29-196,22,6,3,4,2,0,0,6,0,0,,0,,2,3,0,0,0,0,0,0,2,0,f6155857
4745,ENG-Premier League,2324,2023-12-10 Luton Town-Manchester City,Manchester City,Joško Gvardiol,24,CRO,LB,21-321,68,65,2,17,16,32,3,65,3,1,33.3,2,66.7,39,223,139,3,2,2,0,1,36,7,f6155857
4746,ENG-Premier League,2324,2023-12-10 Luton Town-Manchester City,Manchester City,Julián Álvarez,19,ARG,FW,23-313,90,51,4,5,15,31,3,51,1,1,100.0,0,0.0,33,144,61,3,1,2,6,2,28,3,f6155857
4747,ENG-Premier League,2324,2023-12-10 Luton Town-Manchester City,Manchester City,Kyle Walker,2,ENG,RB,33-196,90,63,0,20,28,16,0,63,1,1,100.0,0,0.0,40,141,62,0,0,0,1,1,37,4,f6155857
4748,ENG-Premier League,2324,2023-12-10 Luton Town-Manchester City,Manchester City,Manuel Akanji,25,SUI,CB,28-144,1,0,0,0,0,0,0,0,0,0,,0,,0,0,0,0,0,0,0,0,0,0,f6155857
4749,ENG-Premier League,2324,2023-12-10 Luton Town-Manchester City,Manchester City,Mateo Kovačić,8,CRO,DM,29-218,82,95,2,20,49,26,0,95,3,0,0.0,2,66.7,78,466,210,2,6,0,0,1,80,3,f6155857
4750,ENG-Premier League,2324,2023-12-10 Luton Town-Manchester City,Manchester City,Matheus Nunes,27,POR,"DM,RM",25-105,8,5,0,1,1,3,1,5,0,0,,0,,4,11,7,0,0,0,2,0,2,1,f6155857
4751,ENG-Premier League,2324,2023-12-10 Luton Town-Manchester City,Manchester City,Nathan Aké,6,NED,"CB,LB",28-295,90,66,11,31,26,10,4,66,1,1,100.0,0,0.0,45,244,92,3,1,0,1,1,43,0,f6155857
4752,ENG-Premier League,2324,2023-12-10 Luton Town-Manchester City,Manchester City,Phil Foden,47,ENG,AM,23-196,89,62,0,7,23,32,7,62,4,2,50.0,1,25.0,59,244,129,4,2,4,1,0,58,7,f6155857
4753,ENG-Premier League,2324,2023-12-10 Luton Town-Manchester City,Manchester City,Rodri,16,ESP,"DM,CM",27-171,90,105,4,27,46,33,3,105,3,2,66.7,1,33.3,77,393,167,2,3,1,0,0,78,1,f6155857
4754,ENG-Premier League,2324,2023-12-10 Luton Town-Manchester City,Manchester City,Rúben Dias,3,POR,CB,26-210,90,91,4,45,41,6,2,91,1,0,0.0,1,100.0,65,379,252,1,1,0,1,1,67,0,f6155857
4889,ENG-Premier League,2324,2023-12-16 Manchester City-Crystal Palace,Manchester City,Bernardo Silva,20,POR,RW,29-128,90,89,1,4,15,70,7,89,2,1,50.0,1,50.0,61,411,269,12,2,4,3,2,75,22,30f3e1ee
4890,ENG-Premier League,2324,2023-12-16 Manchester City-Crystal Palace,Manchester City,Ederson,31,BRA,GK,30-121,90,25,15,23,2,0,0,25,0,0,,0,,17,57,30,0,0,0,0,0,17,0,30f3e1ee
4891,ENG-Premier League,2324,2023-12-16 Manchester City-Crystal Palace,Manchester City,Jack Grealish,10,ENG,LW,28-097,90,74,0,5,26,43,2,74,3,2,66.7,0,0.0,56,382,140,5,5,0,1,3,66,7,30f3e1ee
4892,ENG-Premier League,2324,2023-12-16 Manchester City-Crystal Palace,Manchester City,John Stones,5,ENG,DM,29-202,1,1,0,0,0,1,0,1,0,0,,0,,0,0,0,0,0,0,0,0,1,1,30f3e1ee
4893,ENG-Premier League,2324,2023-12-16 Manchester City-Crystal Palace,Manchester City,Joško Gvardiol,24,CRO,LB,21-327,90,66,0,9,22,35,4,66,0,0,,0,,30,133,95,2,2,1,0,0,38,10,30f3e1ee
4894,ENG-Premier League,2324,2023-12-16 Manchester City-Crystal Palace,Manchester City,Julián Álvarez,19,ARG,FW,23-319,90,41,1,1,10,30,2,41,0,0,,0,,23,64,8,0,0,0,3,0,31,4,30f3e1ee
4895,ENG-Premier League,2324,2023-12-16 Manchester City-Crystal Palace,Manchester City,Kyle Walker,2,ENG,RB,33-202,90,137,5,16,68,54,2,137,2,1,50.0,1,50.0,69,258,120,3,2,0,0,1,109,7,30f3e1ee
4896,ENG-Premier League,2324,2023-12-16 Manchester City-Crystal Palace,Manchester City,Nathan Aké,6,NED,CB,28-301,90,123,2,19,82,23,4,123,0,0,,0,,85,352,228,1,3,0,0,0,106,0,30f3e1ee
4897,ENG-Premier League,2324,2023-12-16 Manchester City-Crystal Palace,Manchester City,Phil Foden,47,ENG,AM,23-202,90,41,0,2,15,24,2,41,3,1,33.3,1,33.3,22,93,28,2,0,0,1,2,33,3,30f3e1ee
4898,ENG-Premier League,2324,2023-12-16 Manchester City-Crystal Palace,Manchester City,Rico Lewis,82,ENG,DM,19-025,89,49,0,4,23,23,4,49,0,0,,0,,29,91,25,0,2,0,0,2,41,6,30f3e1ee
4899,ENG-Premier League,2324,2023-12-16 Manchester City-Crystal Palace,Manchester City,Rodri,16,ESP,DM,27-177,90,116,4,13,64,41,3,116,1,1,100.0,0,0.0,76,457,296,3,6,1,0,1,95,3,30f3e1ee
4900,ENG-Premier League,2324,2023-12-16 Manchester City-Crystal Palace,Manchester City,Rúben Dias,3,POR,CB,26-216,90,189,4,17,126,46,1,189,0,0,,0,,145,913,706,7,14,0,0,0,170,1,30f3e1ee
5546,ENG-Premier League,2324,2023-12-27 Everton-Manchester City,Manchester City,Bernardo Silva,20,POR,RW,29-139,90,95,3,8,34,53,6,95,3,1,33.3,2,66.7,54,314,187,6,3,0,5,1,72,12,b9f69f01
5547,ENG-Premier League,2324,2023-12-27 Everton-Manchester City,Manchester City,Ederson,31,BRA,GK,30-132,90,58,49,56,2,0,0,58,0,0,,0,,37,176,89,0,0,0,0,0,39,0,b9f69f01
5548,ENG-Premier League,2324,2023-12-27 Everton-Manchester City,Manchester City,Jack Grealish,10,ENG,LW,28-108,90,52,1,5,23,25,6,52,5,2,40.0,0,0.0,30,249,172,8,3,5,1,0,43,12,b9f69f01
5549,ENG-Premier League,2324,2023-12-27 Everton-Manchester City,Manchester City,John Stones,5,ENG,CB,29-213,42,43,3,15,24,4,0,43,0,0,,0,,25,146,81,1,0,0,0,0,38,0,b9f69f01
5550,ENG-Premier League,2324,2023-12-27 Everton-Manchester City,Manchester City,Joško Gvardiol,24,CRO,LB,21-338,48,54,0,14,28,12,1,54,1,1,100.0,0,0.0,27,118,81,2,1,0,1,0,40,2,b9f69f01
5551,ENG-Premier League,2324,2023-12-27 Everton-Manchester City,Manchester City,Julián Álvarez,19,ARG,FW,23-330,90,47,1,4,17,26,6,46,4,3,75.0,1,25.0,21,104,60,2,2,1,2,3,34,7,b9f69f01
5552,ENG-Premier League,2324,2023-12-27 Everton-Manchester City,Manchester City,Kyle Walker,2,ENG,RB,33-213,90,117,1,25,72,21,0,117,1,1,100.0,0,0.0,56,411,252,4,3,0,3,0,92,3,b9f69f01
5553,ENG-Premier League,2324,2023-12-27 Everton-Manchester City,Manchester City,Manuel Akanji,25,SUI,CB,28-161,90,97,15,45,45,7,0,97,0,0,,0,,44,258,193,1,0,0,1,0,72,0,b9f69f01
5554,ENG-Premier League,2324,2023-12-27 Everton-Manchester City,Manchester City,Mateo Kovačić,8,CRO,DM,29-235,26,38,0,8,28,2,0,38,1,1,100.0,0,0.0,21,199,102,2,1,0,0,2,35,0,b9f69f01
5555,ENG-Premier League,2324,2023-12-27 Everton-Manchester City,Manchester City,Matheus Nunes,27,POR,DM,25-122,64,38,0,6,15,19,4,38,2,1,50.0,1,50.0,12,80,47,1,1,1,1,2,28,7,b9f69f01
5556,ENG-Premier League,2324,2023-12-27 Everton-Manchester City,Manchester City,Nathan Aké,6,NED,"CB,LB",28-312,90,86,10,41,40,5,1,86,1,1,100.0,0,0.0,43,246,154,0,0,0,2,0,65,0,b9f69f01
5557,ENG-Premier League,2324,2023-12-27 Everton-Manchester City,Manchester City,Phil Foden,47,ENG,AM,23-213,90,65,0,11,34,22,5,65,5,3,60.0,1,20.0,32,197,112,3,2,1,2,1,53,2,b9f69f01
5558,ENG-Premier League,2324,2023-12-27 Everton-Manchester City,Manchester City,Rodri,16,ESP,DM,27-188,90,143,7,33,88,25,1,143,1,1,100.0,0,0.0,71,402,271,3,3,0,3,1,113,1,b9f69f01
5703,ENG-Premier League,2324,2023-12-30 Manchester City-Sheffield Utd,Manchester City,Bernardo Silva,20,POR,RW,29-142,90,82,0,4,33,46,2,82,2,2,100.0,0,0.0,50,200,68,2,1,1,2,3,73,6,aefd7405
5704,ENG-Premier League,2324,2023-12-30 Manchester City-Sheffield Utd,Manchester City,Ederson,31,BRA,GK,30-135,90,24,16,23,1,0,0,24,0,0,,0,,21,78,64,0,0,0,0,0,18,0,aefd7405
5705,ENG-Premier League,2324,2023-12-30 Manchester City-Sheffield Utd,Manchester City,Jack Grealish,10,ENG,LW,28-111,51,31,0,1,10,20,5,31,0,0,,0,,29,152,86,6,1,4,0,1,31,8,aefd7405
5706,ENG-Premier League,2324,2023-12-30 Manchester City-Sheffield Utd,Manchester City,Joško Gvardiol,24,CRO,LB,21-341,90,100,2,6,42,53,2,100,1,0,0.0,1,100.0,70,275,168,5,3,1,1,2,82,21,aefd7405
5707,ENG-Premier League,2324,2023-12-30 Manchester City-Sheffield Utd,Manchester City,Julián Álvarez,19,ARG,FW,23-333,90,51,0,1,4,46,6,51,0,0,,0,,27,214,33,0,1,0,0,0,35,2,aefd7405
5708,ENG-Premier League,2324,2023-12-30 Manchester City-Sheffield Utd,Manchester City,Kyle Walker,2,ENG,RB,33-216,67,72,2,7,40,25,1,72,0,0,,0,,39,112,30,0,3,0,1,1,60,5,aefd7405
5709,ENG-Premier League,2324,2023-12-30 Manchester City-Sheffield Utd,Manchester City,Manuel Akanji,25,SUI,"CB,DM",28-164,90,144,2,9,124,11,1,144,0,0,,0,,94,406,262,3,1,0,0,0,123,1,aefd7405
5710,ENG-Premier League,2324,2023-12-30 Manchester City-Sheffield Utd,Manchester City,Mateo Kovačić,8,CRO,DM,29-238,67,103,1,5,72,26,0,103,0,0,,0,,61,213,76,0,1,0,0,0,93,1,aefd7405
5711,ENG-Premier League,2324,2023-12-30 Manchester City-Sheffield Utd,Manchester City,Nathan Aké,6,NED,CB,28-315,90,118,2,13,98,7,3,118,1,0,0.0,0,0.0,87,364,258,0,2,0,0,0,99,0,aefd7405
5712,ENG-Premier League,2324,2023-12-30 Manchester City-Sheffield Utd,Manchester City,Oscar Bobb,52,NOR,LW,20-171,39,35,0,0,4,31,4,35,2,1,50.0,1,50.0,19,62,30,1,2,0,1,2,28,6,aefd7405
5713,ENG-Premier League,2324,2023-12-30 Manchester City-Sheffield Utd,Manchester City,Phil Foden,47,ENG,AM,23-216,90,99,0,2,43,54,12,99,5,2,40.0,3,60.0,64,248,109,5,3,5,1,0,92,11,aefd7405
5714,ENG-Premier League,2324,2023-12-30 Manchester City-Sheffield Utd,Manchester City,Rico Lewis,82,ENG,RB,19-039,23,21,0,0,15,6,1,21,1,0,0.0,1,100.0,14,79,41,1,1,0,0,0,20,1,aefd7405
5715,ENG-Premier League,2324,2023-12-30 Manchester City-Sheffield Utd,Manchester City,Rodri,16,ESP,DM,27-191,90,178,3,9,122,47,0,178,1,1,100.0,0,0.0,121,601,424,6,6,0,0,0,158,1,aefd7405
5716,ENG-Premier League,2324,2023-12-30 Manchester City-Sheffield Utd,Manchester City,Rúben Dias,3,POR,CB,26-230,23,45,0,1,40,4,1,45,0,0,,0,,34,96,54,0,0,0,1,0,40,0,aefd7405
5969,ENG-Premier League,2324,2024-01-13 Newcastle Utd-Manchester City,Manchester City,Bernardo Silva,20,POR,AM,29-156,68,97,1,7,59,32,4,97,0,0,,0,,78,404,234,3,3,0,1,1,88,6,738f8c3e
5970,ENG-Premier League,2324,2024-01-13 Newcastle Utd-Manchester City,Manchester City,Ederson,31,BRA,GK,30-149,7,5,4,5,0,0,0,5,0,0,,0,,4,13,11,0,0,0,0,0,4,0,738f8c3e
5971,ENG-Premier League,2324,2024-01-13 Newcastle Utd-Manchester City,Manchester City,Jeremy Doku,11,BEL,LW,21-231,81,52,0,4,16,35,14,52,4,1,25.0,3,75.0,37,287,111,5,1,6,4,6,36,13,738f8c3e
5972,ENG-Premier League,2324,2024-01-13 Newcastle Utd-Manchester City,Manchester City,Joško Gvardiol,24,CRO,LB,21-355,90,62,2,11,23,29,3,62,3,2,66.7,1,33.3,34,123,61,1,0,0,1,0,41,4,738f8c3e
5973,ENG-Premier League,2324,2024-01-13 Newcastle Utd-Manchester City,Manchester City,Julián Álvarez,19,ARG,FW,23-347,90,48,0,0,8,41,10,48,0,0,,0,,24,134,70,3,1,2,0,2,28,8,738f8c3e
5974,ENG-Premier League,2324,2024-01-13 Newcastle Utd-Manchester City,Manchester City,Kevin De Bruyne,17,BEL,AM,32-199,22,35,0,0,8,27,2,35,0,0,,0,,18,68,36,1,0,0,0,0,27,9,738f8c3e
5975,ENG-Premier League,2324,2024-01-13 Newcastle Utd-Manchester City,Manchester City,Kyle Walker,2,ENG,RB,33-230,90,80,2,8,39,33,5,80,3,3,100.0,0,0.0,44,236,103,4,2,2,1,1,62,9,738f8c3e
5976,ENG-Premier League,2324,2024-01-13 Newcastle Utd-Manchester City,Manchester City,Mateo Kovačić,8,CRO,DM,29-252,90,100,1,9,57,35,1,100,3,3,100.0,0,0.0,69,319,122,1,4,0,2,2,90,2,738f8c3e
5977,ENG-Premier League,2324,2024-01-13 Newcastle Utd-Manchester City,Manchester City,Nathan Aké,6,NED,CB,28-329,90,56,3,17,38,1,0,56,0,0,,0,,34,114,62,0,0,0,0,0,37,0,738f8c3e
5978,ENG-Premier League,2324,2024-01-13 Newcastle Utd-Manchester City,Manchester City,Oscar Bobb,52,NOR,LW,20-185,9,10,0,0,1,9,3,10,2,2,100.0,0,0.0,5,28,17,2,0,1,0,0,7,2,738f8c3e
5979,ENG-Premier League,2324,2024-01-13 Newcastle Utd-Manchester City,Manchester City,Phil Foden,47,ENG,RW,23-230,90,74,0,3,21,50,10,74,3,2,66.7,1,33.3,49,284,178,8,5,4,2,5,62,10,738f8c3e
5980,ENG-Premier League,2324,2024-01-13 Newcastle Utd-Manchester City,Manchester City,Rodri,16,ESP,DM,27-205,90,158,3,12,87,59,3,158,5,3,60.0,0,0.0,101,447,297,4,6,2,1,2,130,2,738f8c3e
5981,ENG-Premier League,2324,2024-01-13 Newcastle Utd-Manchester City,Manchester City,Rúben Dias,3,POR,CB,26-244,90,95,16,34,55,6,2,95,0,0,,0,,57,239,137,0,0,0,1,0,60,3,738f8c3e
5982,ENG-Premier League,2324,2024-01-13 Newcastle Utd-Manchester City,Manchester City,Stefan Ortega,18,GER,GK,31-068,83,30,19,29,1,0,0,30,0,0,,0,,25,101,53,0,0,0,0,0,19,0,738f8c3e
6399,ENG-Premier League,2324,2024-01-31 Manchester City-Burnley,Manchester City,Ederson,31,BRA,GK,30-167,90,39,28,38,1,0,0,39,0,0,,0,,23,128,64,0,0,0,0,0,25,0,d10aaae8
6400,ENG-Premier League,2324,2024-01-31 Manchester City-Burnley,Manchester City,Erling Haaland,9,NOR,FW,23-194,20,8,0,0,1,7,5,8,0,0,,0,,2,24,21,1,0,1,1,0,3,1,d10aaae8
6401,ENG-Premier League,2324,2024-01-31 Manchester City-Burnley,Manchester City,Jack Grealish,10,ENG,"LW,AM",28-143,14,7,0,1,4,2,0,7,0,0,,0,,3,19,15,1,1,0,0,0,5,0,d10aaae8
6402,ENG-Premier League,2324,2024-01-31 Manchester City-Burnley,Manchester City,Jeremy Doku,11,BEL,"LW,RW",21-249,90,64,0,3,22,40,6,64,10,6,60.0,3,30.0,38,327,236,11,5,6,1,3,49,17,d10aaae8
6403,ENG-Premier League,2324,2024-01-31 Manchester City-Burnley,Manchester City,John Stones,5,ENG,CB,29-248,90,111,8,35,71,5,0,111,0,0,,0,,59,358,152,0,2,0,0,0,90,1,d10aaae8
6404,ENG-Premier League,2324,2024-01-31 Manchester City-Burnley,Manchester City,Joško Gvardiol,24,CRO,LB,22-008,90,116,4,26,69,22,3,116,2,2,100.0,0,0.0,66,432,195,1,2,0,1,1,100,3,d10aaae8
6405,ENG-Premier League,2324,2024-01-31 Manchester City-Burnley,Manchester City,Julián Álvarez,19,ARG,"FW,AM",24-000,86,23,1,4,6,13,2,23,0,0,,0,,11,24,7,0,0,0,2,1,18,5,d10aaae8
6406,ENG-Premier League,2324,2024-01-31 Manchester City-Burnley,Manchester City,Kevin De Bruyne,17,BEL,AM,32-217,70,69,0,3,30,37,2,69,4,1,25.0,2,50.0,24,128,67,2,1,0,0,1,52,2,d10aaae8
6407,ENG-Premier League,2324,2024-01-31 Manchester City-Burnley,Manchester City,Mateo Kovačić,8,CRO,DM,29-270,4,18,0,6,11,1,0,18,0,0,,0,,6,35,2,0,1,0,1,1,15,1,d10aaae8
6408,ENG-Premier League,2324,2024-01-31 Manchester City-Burnley,Manchester City,Matheus Nunes,27,POR,DM,25-157,90,72,2,10,41,22,4,72,3,2,66.7,1,33.3,37,321,188,7,4,3,1,3,67,7,d10aaae8
6409,ENG-Premier League,2324,2024-01-31 Manchester City-Burnley,Manchester City,Nathan Aké,6,NED,CB,28-347,90,112,7,48,62,2,0,112,1,1,100.0,0,0.0,56,305,191,1,0,0,0,0,90,0,d10aaae8
6410,ENG-Premier League,2324,2024-01-31 Manchester City-Burnley,Manchester City,Phil Foden,47,ENG,RW,23-248,76,54,0,5,22,27,3,54,0,0,,0,,26,100,51,1,0,1,0,2,45,8,d10aaae8
6411,ENG-Premier League,2324,2024-01-31 Manchester City-Burnley,Manchester City,Rico Lewis,82,ENG,RB,19-071,90,86,1,23,52,12,0,86,0,0,,0,,32,160,78,2,2,0,0,1,60,0,d10aaae8
6412,ENG-Premier League,2324,2024-01-31 Manchester City-Burnley,Manchester City,Rodri,16,ESP,DM,27-223,86,118,3,27,79,15,3,118,3,1,33.3,1,33.3,64,401,218,3,1,1,0,0,101,3,d10aaae8
6413,ENG-Premier League,2324,2024-01-31 Manchester City-Burnley,Manchester City,Sergio Gómez,21,ESP,LW,23-149,4,4,0,1,1,2,0,4,0,0,,0,,2,7,1,0,0,0,0,0,3,0,d10aaae8
6794,ENG-Premier League,2324,2024-02-05 Brentford-Manchester City,Manchester City,Bernardo Silva,20,POR,RM,29-179,70,44,0,2,11,31,6,44,2,1,50.0,1,50.0,30,177,120,5,2,3,0,1,31,10,2b3630b6
6795,ENG-Premier League,2324,2024-02-05 Brentford-Manchester City,Manchester City,Ederson,31,BRA,GK,30-172,90,27,18,27,0,0,0,27,0,0,,0,,18,102,97,0,0,0,0,0,15,0,2b3630b6
6796,ENG-Premier League,2324,2024-02-05 Brentford-Manchester City,Manchester City,Erling Haaland,9,NOR,FW,23-199,85,23,2,2,6,15,5,23,0,0,,0,,15,53,37,1,0,1,1,0,17,3,2b3630b6
6797,ENG-Premier League,2324,2024-02-05 Brentford-Manchester City,Manchester City,Jeremy Doku,11,BEL,RM,21-254,20,14,0,0,4,11,1,14,1,0,0.0,1,100.0,14,175,125,7,1,1,1,0,13,2,2b3630b6
6798,ENG-Premier League,2324,2024-02-05 Brentford-Manchester City,Manchester City,Joško Gvardiol,24,CRO,LB,22-013,90,93,2,17,30,46,5,93,3,2,66.7,1,33.3,60,246,96,2,1,0,2,1,60,6,2b3630b6
6799,ENG-Premier League,2324,2024-02-05 Brentford-Manchester City,Manchester City,Julián Álvarez,19,ARG,"CM,FW",24-005,90,69,1,3,22,46,5,69,5,1,20.0,4,80.0,52,247,98,2,7,0,1,3,57,7,2b3630b6
6800,ENG-Premier League,2324,2024-02-05 Brentford-Manchester City,Manchester City,Kevin De Bruyne,17,BEL,CM,32-222,90,121,0,2,40,79,8,121,4,1,25.0,3,75.0,81,281,115,2,4,0,2,0,89,8,2b3630b6
6801,ENG-Premier League,2324,2024-02-05 Brentford-Manchester City,Manchester City,Kyle Walker,2,ENG,RB,33-253,90,102,4,18,46,39,1,102,2,2,100.0,0,0.0,68,418,296,5,7,0,1,1,74,2,2b3630b6
6802,ENG-Premier League,2324,2024-02-05 Brentford-Manchester City,Manchester City,Mateo Kovačić,8,CRO,CM,29-275,5,28,0,0,23,5,0,28,0,0,,0,,23,91,35,1,0,0,0,0,25,0,2b3630b6
6803,ENG-Premier League,2324,2024-02-05 Brentford-Manchester City,Manchester City,Nathan Aké,6,NED,CB,28-352,90,93,9,17,53,23,1,93,0,0,,0,,65,419,176,2,10,0,0,0,72,1,2b3630b6
6804,ENG-Premier League,2324,2024-02-05 Brentford-Manchester City,Manchester City,Phil Foden,47,ENG,LM,23-253,90,98,3,8,36,54,4,98,1,0,0.0,1,100.0,81,298,168,2,8,1,2,1,86,5,2b3630b6
6805,ENG-Premier League,2324,2024-02-05 Brentford-Manchester City,Manchester City,Rodri,16,ESP,DM,27-228,90,128,5,27,61,40,6,128,2,2,100.0,0,0.0,83,355,183,4,2,1,2,0,96,2,2b3630b6
6806,ENG-Premier League,2324,2024-02-05 Brentford-Manchester City,Manchester City,Rúben Dias,3,POR,CB,26-267,90,86,7,28,46,13,1,86,0,0,,0,,52,289,134,1,3,0,0,0,64,0,2b3630b6
6915,ENG-Premier League,2324,2024-02-10 Manchester City-Everton,Manchester City,Bernardo Silva,20,POR,CM,29-184,14,18,0,1,13,4,0,18,1,1,100.0,0,0.0,13,81,19,1,0,0,0,0,17,1,00ea7906
6916,ENG-Premier League,2324,2024-02-10 Manchester City-Everton,Manchester City,Ederson,31,BRA,GK,30-177,90,55,36,54,1,0,0,55,0,0,,0,,46,144,80,0,0,0,0,0,41,0,00ea7906
6917,ENG-Premier League,2324,2024-02-10 Manchester City-Everton,Manchester City,Erling Haaland,9,NOR,FW,23-204,90,22,0,0,7,15,7,22,3,2,66.7,1,33.3,12,77,26,1,1,1,2,1,16,5,00ea7906
6918,ENG-Premier League,2324,2024-02-10 Manchester City-Everton,Manchester City,Jack Grealish,10,ENG,LM,28-153,4,17,0,0,10,7,1,17,0,0,,0,,18,124,62,3,0,1,0,2,20,0,00ea7906
6919,ENG-Premier League,2324,2024-02-10 Manchester City-Everton,Manchester City,Jeremy Doku,11,BEL,LM,21-259,86,74,0,7,24,43,14,74,8,5,62.5,3,37.5,57,508,297,14,6,10,4,2,62,13,00ea7906
6920,ENG-Premier League,2324,2024-02-10 Manchester City-Everton,Manchester City,John Stones,5,ENG,"RB,CB",29-258,90,102,3,23,57,23,0,102,0,0,,0,,77,416,230,2,4,0,1,0,85,2,00ea7906
6921,ENG-Premier League,2324,2024-02-10 Manchester City-Everton,Manchester City,Julián Álvarez,19,ARG,CM,24-010,76,45,0,2,11,32,3,45,3,1,33.3,2,66.7,27,153,48,1,1,1,3,1,32,7,00ea7906
6922,ENG-Premier League,2324,2024-02-10 Manchester City-Everton,Manchester City,Kevin De Bruyne,17,BEL,CM,32-227,34,33,0,3,11,19,1,33,1,0,0.0,1,100.0,23,110,44,2,1,1,0,0,25,3,00ea7906
6923,ENG-Premier League,2324,2024-02-10 Manchester City-Everton,Manchester City,Kyle Walker,2,ENG,RB,33-258,34,41,0,11,22,8,0,41,0,0,,0,,31,140,64,1,1,0,0,0,32,4,00ea7906
6924,ENG-Premier League,2324,2024-02-10 Manchester City-Everton,Manchester City,Manuel Akanji,25,SUI,"CB,LB",28-206,56,69,2,15,32,22,3,69,1,0,0.0,1,100.0,43,182,81,0,1,0,3,0,56,0,00ea7906
6925,ENG-Premier League,2324,2024-02-10 Manchester City-Everton,Manchester City,Matheus Nunes,27,POR,CM,25-167,56,40,0,3,11,26,5,40,4,1,25.0,3,75.0,28,159,75,3,3,1,1,0,32,6,00ea7906
6926,ENG-Premier League,2324,2024-02-10 Manchester City-Everton,Manchester City,Nathan Aké,6,NED,"LB,CB",28-357,90,126,1,31,63,32,5,126,0,0,,0,,74,241,153,2,2,0,1,1,91,1,00ea7906
6927,ENG-Premier League,2324,2024-02-10 Manchester City-Everton,Manchester City,Phil Foden,47,ENG,RM,23-258,90,73,0,4,27,42,5,73,3,1,33.3,0,0.0,55,284,152,3,3,2,1,1,63,9,00ea7906
6928,ENG-Premier League,2324,2024-02-10 Manchester City-Everton,Manchester City,Rodri,16,ESP,DM,27-233,90,107,1,23,57,28,2,107,1,0,0.0,1,100.0,65,259,108,2,2,0,0,1,77,1,00ea7906
6929,ENG-Premier League,2324,2024-02-10 Manchester City-Everton,Manchester City,Rúben Dias,3,POR,CB,26-272,90,105,7,54,47,5,3,105,0,0,,0,,79,401,215,0,1,0,0,0,82,0,00ea7906
7216,ENG-Premier League,2324,2024-02-17 Manchester City-Chelsea,Manchester City,Bernardo Silva,20,POR,CM,29-191,27,25,0,1,9,15,6,25,0,0,,0,,13,101,61,2,0,0,1,0,19,5,78fb7fc2
7217,ENG-Premier League,2324,2024-02-17 Manchester City-Chelsea,Manchester City,Ederson,31,BRA,GK,30-184,90,43,25,40,3,0,0,43,0,0,,0,,22,132,91,0,0,0,0,0,25,0,78fb7fc2
7218,ENG-Premier League,2324,2024-02-17 Manchester City-Chelsea,Manchester City,Erling Haaland,9,NOR,FW,23-211,90,26,0,1,6,19,14,26,0,0,,0,,7,28,1,0,0,0,3,1,19,6,78fb7fc2
7219,ENG-Premier League,2324,2024-02-17 Manchester City-Chelsea,Manchester City,Jeremy Doku,11,BEL,LM,21-266,90,93,0,4,14,75,19,93,10,3,30.0,7,70.0,64,496,352,20,3,11,1,4,74,25,78fb7fc2
7220,ENG-Premier League,2324,2024-02-17 Manchester City-Chelsea,Manchester City,Julián Álvarez,19,ARG,CM,24-017,63,60,0,5,25,30,7,60,0,0,,0,,30,141,60,1,5,0,2,2,41,5,78fb7fc2
7221,ENG-Premier League,2324,2024-02-17 Manchester City-Chelsea,Manchester City,Kevin De Bruyne,17,BEL,CM,32-234,90,96,0,2,15,80,7,96,2,1,50.0,1,50.0,42,253,182,5,4,1,2,2,67,15,78fb7fc2
7222,ENG-Premier League,2324,2024-02-17 Manchester City-Chelsea,Manchester City,Kyle Walker,2,ENG,RB,33-265,90,80,3,15,47,20,1,80,1,1,100.0,0,0.0,42,370,173,6,2,0,0,0,57,4,78fb7fc2
7223,ENG-Premier League,2324,2024-02-17 Manchester City-Chelsea,Manchester City,Manuel Akanji,25,SUI,CB,28-213,90,74,3,17,44,13,1,74,0,0,,0,,40,190,147,1,2,0,1,2,56,2,78fb7fc2
7224,ENG-Premier League,2324,2024-02-17 Manchester City-Chelsea,Manchester City,Nathan Aké,6,NED,LB,28-364,90,109,1,19,56,34,2,109,2,0,0.0,1,50.0,69,286,192,2,4,1,1,0,89,3,78fb7fc2
7225,ENG-Premier League,2324,2024-02-17 Manchester City-Chelsea,Manchester City,Phil Foden,47,ENG,RM,23-265,90,72,0,3,17,52,8,72,2,0,0.0,1,50.0,35,218,136,7,4,3,0,4,53,8,78fb7fc2
7226,ENG-Premier League,2324,2024-02-17 Manchester City-Chelsea,Manchester City,Rodri,16,ESP,DM,27-240,90,110,0,9,58,45,8,110,4,2,50.0,0,0.0,59,333,207,5,7,2,0,3,92,6,78fb7fc2
7227,ENG-Premier League,2324,2024-02-17 Manchester City-Chelsea,Manchester City,Rúben Dias,3,POR,CB,26-279,90,118,6,34,72,12,2,118,0,0,,0,,67,384,300,3,3,0,0,0,91,1,78fb7fc2
7420,ENG-Premier League,2324,2024-02-20 Manchester City-Brentford,Manchester City,Bernardo Silva,20,POR,"DM,CM",29-194,90,86,0,5,20,63,8,86,3,2,66.7,1,33.3,68,371,224,7,7,1,1,1,72,13,af88a1aa
7421,ENG-Premier League,2324,2024-02-20 Manchester City-Brentford,Manchester City,Ederson,31,BRA,GK,30-187,90,29,23,28,1,0,0,29,0,0,,0,,17,102,63,0,0,0,0,0,13,0,af88a1aa
7422,ENG-Premier League,2324,2024-02-20 Manchester City-Brentford,Manchester City,Erling Haaland,9,NOR,FW,23-214,90,30,1,2,8,20,7,30,1,1,100.0,0,0.0,22,84,43,2,0,1,4,0,26,7,af88a1aa
7423,ENG-Premier League,2324,2024-02-20 Manchester City-Brentford,Manchester City,Jeremy Doku,11,BEL,LW,21-269,30,31,1,2,7,23,4,31,1,1,100.0,0,0.0,22,201,103,4,3,2,0,1,25,2,af88a1aa
7424,ENG-Premier League,2324,2024-02-20 Manchester City-Brentford,Manchester City,John Stones,5,ENG,CB,29-268,90,77,2,13,31,34,2,77,0,0,,0,,55,337,213,4,6,1,0,0,61,0,af88a1aa
7425,ENG-Premier League,2324,2024-02-20 Manchester City-Brentford,Manchester City,Julián Álvarez,19,ARG,AM,24-020,88,57,0,3,7,48,2,57,1,0,0.0,1,100.0,44,201,116,2,4,1,2,2,48,3,af88a1aa
7426,ENG-Premier League,2324,2024-02-20 Manchester City-Brentford,Manchester City,Kyle Walker,2,ENG,RB,33-268,90,83,2,12,21,50,2,83,1,0,0.0,1,100.0,45,242,75,1,0,0,0,0,60,20,af88a1aa
7427,ENG-Premier League,2324,2024-02-20 Manchester City-Brentford,Manchester City,Manuel Akanji,25,SUI,LB,28-216,90,121,4,17,46,61,3,121,0,0,,0,,93,681,518,13,10,2,0,0,100,2,af88a1aa
7428,ENG-Premier League,2324,2024-02-20 Manchester City-Brentford,Manchester City,Mateo Kovačić,8,CRO,"LM,AM",29-290,2,9,0,1,5,3,0,9,0,0,,0,,7,31,26,1,1,0,1,0,8,0,af88a1aa
7429,ENG-Premier League,2324,2024-02-20 Manchester City-Brentford,Manchester City,Oscar Bobb,52,NOR,LW,20-223,60,49,0,1,4,44,5,49,5,3,60.0,2,40.0,35,165,91,1,0,1,0,0,37,14,af88a1aa
7430,ENG-Premier League,2324,2024-02-20 Manchester City-Brentford,Manchester City,Phil Foden,47,ENG,RW,23-268,90,102,1,9,20,75,15,102,2,1,50.0,1,50.0,77,344,189,7,4,5,6,0,88,9,af88a1aa
7431,ENG-Premier League,2324,2024-02-20 Manchester City-Brentford,Manchester City,Rodri,16,ESP,"DM,RM",27-243,90,122,7,20,39,63,8,122,3,2,66.7,1,33.3,80,329,193,4,3,1,0,0,95,1,af88a1aa
7432,ENG-Premier League,2324,2024-02-20 Manchester City-Brentford,Manchester City,Rúben Dias,3,POR,CB,26-282,90,70,8,27,30,13,2,70,0,0,,0,,41,274,151,1,4,0,0,0,44,1,af88a1aa
7543,ENG-Premier League,2324,2024-02-24 Bournemouth-Manchester City,Manchester City,Bernardo Silva,20,POR,RW,29-198,90,85,1,18,30,37,8,85,5,3,60.0,2,40.0,58,290,158,6,2,3,1,0,66,5,f6d6a212
7544,ENG-Premier League,2324,2024-02-24 Bournemouth-Manchester City,Manchester City,Ederson,31,BRA,GK,30-191,90,45,32,43,2,0,0,45,1,1,100.0,0,0.0,25,121,80,0,0,0,0,0,19,0,f6d6a212
7545,ENG-Premier League,2324,2024-02-24 Bournemouth-Manchester City,Manchester City,Erling Haaland,9,NOR,FW,23-218,74,29,0,1,16,12,4,29,1,0,0.0,1,100.0,19,95,41,2,0,1,1,1,24,9,f6d6a212
7546,ENG-Premier League,2324,2024-02-24 Bournemouth-Manchester City,Manchester City,Jeremy Doku,11,BEL,LW,21-273,28,20,0,3,4,13,4,20,4,1,25.0,3,75.0,15,93,64,3,1,3,1,0,14,3,f6d6a212
7547,ENG-Premier League,2324,2024-02-24 Bournemouth-Manchester City,Manchester City,John Stones,5,ENG,DM,29-272,90,57,2,17,28,13,3,57,1,0,0.0,1,100.0,41,242,95,3,2,0,0,0,47,5,f6d6a212
7548,ENG-Premier League,2324,2024-02-24 Bournemouth-Manchester City,Manchester City,Julián Álvarez,19,ARG,FW,24-024,16,12,0,1,3,8,4,12,1,0,0.0,1,100.0,7,31,24,2,0,2,0,0,6,1,f6d6a212
7549,ENG-Premier League,2324,2024-02-24 Bournemouth-Manchester City,Manchester City,Kevin De Bruyne,17,BEL,CM,32-241,7,10,0,2,2,6,0,10,0,0,,0,,8,34,21,1,1,0,1,2,8,2,f6d6a212
7550,ENG-Premier League,2324,2024-02-24 Bournemouth-Manchester City,Manchester City,Manuel Akanji,25,SUI,RB,28-220,90,76,4,27,30,19,0,76,1,1,100.0,0,0.0,36,108,42,0,1,0,0,0,44,2,f6d6a212
7551,ENG-Premier League,2324,2024-02-24 Bournemouth-Manchester City,Manchester City,Mateo Kovačić,8,CRO,CM,29-294,83,49,0,5,35,11,0,49,3,2,66.7,1,33.3,38,243,144,3,1,0,1,2,39,1,f6d6a212
7552,ENG-Premier League,2324,2024-02-24 Bournemouth-Manchester City,Manchester City,Matheus Nunes,27,POR,LW,25-181,62,41,1,3,12,28,5,41,5,3,60.0,2,40.0,29,218,108,5,2,3,1,2,31,7,f6d6a212
7553,ENG-Premier League,2324,2024-02-24 Bournemouth-Manchester City,Manchester City,Nathan Aké,6,NED,LB,29-006,90,71,5,30,36,6,1,71,1,1,100.0,0,0.0,37,168,94,0,1,0,1,0,36,0,f6d6a212
7554,ENG-Premier League,2324,2024-02-24 Bournemouth-Manchester City,Manchester City,Phil Foden,47,ENG,CM,23-272,90,87,0,6,42,42,7,87,4,2,50.0,2,50.0,64,366,172,3,4,2,3,1,64,10,f6d6a212
7555,ENG-Premier League,2324,2024-02-24 Bournemouth-Manchester City,Manchester City,Rodri,16,ESP,DM,27-247,90,97,7,22,65,11,0,97,1,0,0.0,1,100.0,66,241,103,1,1,0,0,1,72,1,f6d6a212
7556,ENG-Premier League,2324,2024-02-24 Bournemouth-Manchester City,Manchester City,Rúben Dias,3,POR,CB,26-286,90,56,8,27,28,1,1,56,0,0,,0,,41,229,91,0,0,0,0,0,41,0,f6d6a212
7946,ENG-Premier League,2324,2024-03-03 Manchester City-Manchester Utd,Manchester City,Bernardo Silva,20,POR,"CM,LW",29-206,90,89,0,5,24,60,13,89,5,5,100.0,0,0.0,58,266,143,6,1,2,1,1,60,18,615eff06
7947,ENG-Premier League,2324,2024-03-03 Manchester City-Manchester Utd,Manchester City,Ederson,31,BRA,GK,30-199,90,34,24,34,0,0,0,34,0,0,,0,,27,103,57,0,0,0,0,0,23,0,615eff06
7948,ENG-Premier League,2324,2024-03-03 Manchester City-Manchester Utd,Manchester City,Erling Haaland,9,NOR,FW,23-226,90,14,0,0,4,10,5,14,2,0,0.0,1,50.0,8,97,4,0,0,0,0,1,13,5,615eff06
7949,ENG-Premier League,2324,2024-03-03 Manchester City-Manchester Utd,Manchester City,Jeremy Doku,11,BEL,LW,21-281,58,52,0,0,9,43,11,52,6,2,33.3,4,66.7,43,215,139,7,1,6,2,0,47,20,615eff06
7950,ENG-Premier League,2324,2024-03-03 Manchester City-Manchester Utd,Manchester City,John Stones,5,ENG,DM,29-280,90,78,0,10,35,35,0,78,0,0,,0,,57,251,102,1,2,0,0,2,64,5,615eff06
7951,ENG-Premier League,2324,2024-03-03 Manchester City-Manchester Utd,Manchester City,Julián Álvarez,19,ARG,CM,24-032,32,16,0,0,5,11,3,16,1,0,0.0,1,100.0,13,71,36,2,0,2,0,1,16,4,615eff06
7952,ENG-Premier League,2324,2024-03-03 Manchester City-Manchester Utd,Manchester City,Kevin De Bruyne,17,BEL,CM,32-249,90,105,0,0,26,80,9,105,5,3,60.0,2,40.0,70,351,211,8,5,3,1,2,77,16,615eff06
7953,ENG-Premier League,2324,2024-03-03 Manchester City-Manchester Utd,Manchester City,Kyle Walker,2,ENG,RB,33-280,90,119,2,13,66,41,3,119,0,0,,0,,80,499,315,4,4,0,0,1,89,3,615eff06
7954,ENG-Premier League,2324,2024-03-03 Manchester City-Manchester Utd,Manchester City,Nathan Aké,6,NED,LB,29-014,90,100,2,13,55,32,1,100,1,0,0.0,1,100.0,72,289,103,1,3,0,0,0,74,3,615eff06
7955,ENG-Premier League,2324,2024-03-03 Manchester City-Manchester Utd,Manchester City,Oscar Bobb,52,NOR,RW,20-235,1,0,0,0,0,0,0,0,0,0,,0,,0,0,0,0,0,0,0,0,0,0,615eff06
7956,ENG-Premier League,2324,2024-03-03 Manchester City-Manchester Utd,Manchester City,Phil Foden,47,ENG,RW,23-280,89,112,0,2,20,90,18,112,1,0,0.0,1,100.0,91,472,294,9,4,8,1,1,94,27,615eff06
7957,ENG-Premier League,2324,2024-03-03 Manchester City-Manchester Utd,Manchester City,Rodri,16,ESP,DM,27-255,90,123,2,10,63,50,4,123,1,0,0.0,0,0.0,92,333,191,1,2,0,1,0,104,5,615eff06
7958,ENG-Premier League,2324,2024-03-03 Manchester City-Manchester Utd,Manchester City,Rúben Dias,3,POR,CB,26-294,90,109,6,27,69,13,0,109,0,0,,0,,90,499,297,0,4,0,2,0,96,1,615eff06
8236,ENG-Premier League,2324,2024-03-10 Liverpool-Manchester City,Manchester City,Bernardo Silva,20,POR,CM,29-213,90,52,2,14,24,15,0,52,3,2,66.7,1,33.3,38,187,80,1,2,0,3,1,37,4,96da3e29
8237,ENG-Premier League,2324,2024-03-10 Liverpool-Manchester City,Manchester City,Ederson,31,BRA,GK,30-206,55,28,25,28,0,0,0,28,0,0,,0,,16,75,26,0,0,0,0,0,16,0,96da3e29
8238,ENG-Premier League,2324,2024-03-10 Liverpool-Manchester City,Manchester City,Erling Haaland,9,NOR,FW,23-233,90,19,0,1,10,8,0,19,3,1,33.3,2,66.7,11,106,78,2,2,0,0,1,13,1,96da3e29
8239,ENG-Premier League,2324,2024-03-10 Liverpool-Manchester City,Manchester City,Jeremy Doku,11,BEL,LW,21-288,22,16,2,3,4,9,5,16,1,1,100.0,0,0.0,13,144,107,5,0,4,1,1,13,5,96da3e29
8240,ENG-Premier League,2324,2024-03-10 Liverpool-Manchester City,Manchester City,John Stones,5,ENG,DM,29-287,90,60,10,26,24,10,1,60,1,1,100.0,0,0.0,31,119,57,0,1,0,1,1,42,0,96da3e29
8241,ENG-Premier League,2324,2024-03-10 Liverpool-Manchester City,Manchester City,Julián Álvarez,19,ARG,LW,24-039,68,37,0,6,13,19,2,37,4,2,50.0,2,50.0,27,149,68,5,2,2,3,1,27,9,96da3e29
8242,ENG-Premier League,2324,2024-03-10 Liverpool-Manchester City,Manchester City,Kevin De Bruyne,17,BEL,CM,32-256,68,33,0,3,17,13,2,33,0,0,,0,,22,155,76,3,2,0,0,0,26,3,96da3e29
8243,ENG-Premier League,2324,2024-03-10 Liverpool-Manchester City,Manchester City,Kyle Walker,2,ENG,RB,33-287,90,72,5,23,39,11,1,72,2,1,50.0,1,50.0,34,168,79,2,2,1,2,1,36,3,96da3e29
8244,ENG-Premier League,2324,2024-03-10 Liverpool-Manchester City,Manchester City,Manuel Akanji,25,SUI,CB,28-235,90,69,15,39,30,0,0,69,0,0,,0,,38,231,102,0,0,0,1,0,42,0,96da3e29
8245,ENG-Premier League,2324,2024-03-10 Liverpool-Manchester City,Manchester City,Mateo Kovačić,8,CRO,CM,29-309,22,32,1,2,26,4,0,32,1,1,100.0,0,0.0,24,155,98,2,0,0,1,2,28,1,96da3e29
8246,ENG-Premier League,2324,2024-03-10 Liverpool-Manchester City,Manchester City,Nathan Aké,6,NED,LB,29-021,90,77,7,30,36,11,0,77,0,0,,0,,38,121,21,0,0,0,0,0,42,1,96da3e29
8247,ENG-Premier League,2324,2024-03-10 Liverpool-Manchester City,Manchester City,Phil Foden,47,ENG,RW,23-287,90,46,2,5,21,20,5,46,6,3,50.0,3,50.0,35,179,80,2,1,1,5,4,38,10,96da3e29
8248,ENG-Premier League,2324,2024-03-10 Liverpool-Manchester City,Manchester City,Rodri,16,ESP,DM,27-262,90,117,5,39,67,13,0,117,1,1,100.0,0,0.0,69,287,122,0,0,0,0,2,82,0,96da3e29
8249,ENG-Premier League,2324,2024-03-10 Liverpool-Manchester City,Manchester City,Stefan Ortega,18,GER,GK,31-125,35,29,24,29,0,0,0,29,0,0,,0,,15,65,35,0,0,0,0,0,16,0,96da3e29
8743,ENG-Premier League,2324,2024-03-31 Manchester City-Arsenal,Manchester City,Bernardo Silva,20,POR,"RM,CM",29-234,90,80,2,13,25,42,10,80,7,2,28.6,3,42.9,56,404,238,8,4,1,1,2,56,10,76b4b194
8744,ENG-Premier League,2324,2024-03-31 Manchester City-Arsenal,Manchester City,Erling Haaland,9,NOR,FW,23-254,90,19,0,0,8,11,7,19,0,0,,0,,13,30,9,1,0,1,2,1,18,3,76b4b194
8745,ENG-Premier League,2324,2024-03-31 Manchester City-Arsenal,Manchester City,Jack Grealish,10,ENG,LM,28-203,30,20,2,2,5,13,4,20,2,2,100.0,0,0.0,17,175,88,6,0,4,1,1,19,7,76b4b194
8746,ENG-Premier League,2324,2024-03-31 Manchester City-Arsenal,Manchester City,Jeremy Doku,11,BEL,RM,21-309,30,17,0,0,4,13,5,17,4,3,75.0,1,25.0,11,69,50,2,0,2,0,0,11,6,76b4b194
8747,ENG-Premier League,2324,2024-03-31 Manchester City-Arsenal,Manchester City,Joško Gvardiol,24,CRO,LB,22-068,90,82,0,29,29,25,3,82,2,2,100.0,0,0.0,58,293,158,5,1,1,2,2,57,6,76b4b194
8748,ENG-Premier League,2324,2024-03-31 Manchester City-Arsenal,Manchester City,Kevin De Bruyne,17,BEL,CM,32-277,90,56,1,3,13,43,4,56,2,2,100.0,0,0.0,31,110,68,2,2,1,0,3,36,8,76b4b194
8749,ENG-Premier League,2324,2024-03-31 Manchester City-Arsenal,Manchester City,Manuel Akanji,25,SUI,"CB,RB",28-256,90,79,3,21,36,23,0,79,1,0,0.0,1,100.0,51,261,145,0,3,0,0,0,51,5,76b4b194
8750,ENG-Premier League,2324,2024-03-31 Manchester City-Arsenal,Manchester City,Mateo Kovačić,8,CRO,CM,29-330,60,91,5,25,57,10,0,91,1,1,100.0,0,0.0,76,317,148,0,1,0,1,2,82,0,76b4b194
8751,ENG-Premier League,2324,2024-03-31 Manchester City-Arsenal,Manchester City,Nathan Aké,6,NED,CB,29-042,26,25,0,9,14,2,1,25,0,0,,0,,20,81,50,0,1,0,0,0,22,0,76b4b194
8752,ENG-Premier League,2324,2024-03-31 Manchester City-Arsenal,Manchester City,Phil Foden,47,ENG,LM,23-308,60,47,0,7,15,25,0,47,0,0,,0,,32,103,37,1,1,0,0,1,39,6,76b4b194
8753,ENG-Premier League,2324,2024-03-31 Manchester City-Arsenal,Manchester City,Rico Lewis,82,ENG,RB,19-131,64,42,0,6,26,11,0,42,1,1,100.0,0,0.0,34,195,109,3,1,0,0,0,32,2,76b4b194
8754,ENG-Premier League,2324,2024-03-31 Manchester City-Arsenal,Manchester City,Rodri,16,ESP,DM,27-283,90,134,3,33,58,45,3,134,8,7,87.5,1,12.5,92,477,247,2,5,0,1,2,101,1,76b4b194
8755,ENG-Premier League,2324,2024-03-31 Manchester City-Arsenal,Manchester City,Rúben Dias,3,POR,CB,26-322,90,100,8,38,47,15,0,100,0,0,,0,,77,293,148,1,2,0,0,0,83,0,76b4b194
8756,ENG-Premier League,2324,2024-03-31 Manchester City-Arsenal,Manchester City,Stefan Ortega,18,GER,GK,31-146,90,41,39,40,1,0,0,41,0,0,,0,,31,149,75,0,0,0,0,0,25,0,76b4b194
8977,ENG-Premier League,2324,2024-04-03 Manchester City-Aston Villa,Manchester City,Bernardo Silva,20,POR,DM,29-237,74,44,2,3,17,25,8,44,0,0,,0,,24,127,67,1,1,0,2,2,37,11,ae3ba8e8
8978,ENG-Premier League,2324,2024-04-03 Manchester City-Aston Villa,Manchester City,Jack Grealish,10,ENG,LW,28-206,90,63,0,2,12,50,15,63,4,2,50.0,1,25.0,55,483,357,16,5,8,2,0,55,21,ae3ba8e8
8979,ENG-Premier League,2324,2024-04-03 Manchester City-Aston Villa,Manchester City,Jeremy Doku,11,BEL,RW,21-312,79,56,0,5,10,41,10,56,9,5,55.6,3,33.3,45,290,176,7,1,5,2,2,46,19,ae3ba8e8
8980,ENG-Premier League,2324,2024-04-03 Manchester City-Aston Villa,Manchester City,Joško Gvardiol,24,CRO,LB,22-071,90,83,3,18,47,18,2,83,4,3,75.0,0,0.0,35,175,103,4,1,2,0,0,59,0,ae3ba8e8
8981,ENG-Premier League,2324,2024-04-03 Manchester City-Aston Villa,Manchester City,Julián Álvarez,19,ARG,FW,24-063,90,40,0,1,5,35,11,40,1,1,100.0,0,0.0,16,102,67,2,1,0,2,2,23,5,ae3ba8e8
8982,ENG-Premier League,2324,2024-04-03 Manchester City-Aston Villa,Manchester City,Manuel Akanji,25,SUI,CB,28-259,90,85,4,14,57,14,0,85,0,0,,0,,51,366,303,3,6,0,1,0,69,0,ae3ba8e8
8983,ENG-Premier League,2324,2024-04-03 Manchester City-Aston Villa,Manchester City,Mateo Kovačić,8,CRO,DM,29-333,16,20,0,4,13,3,0,20,0,0,,0,,11,40,10,0,0,0,0,0,18,0,ae3ba8e8
8984,ENG-Premier League,2324,2024-04-03 Manchester City-Aston Villa,Manchester City,Matheus Nunes,27,POR,DM,25-220,16,12,1,2,9,1,0,12,0,0,,0,,5,20,11,0,0,0,1,0,8,0,ae3ba8e8
8985,ENG-Premier League,2324,2024-04-03 Manchester City-Aston Villa,Manchester City,Oscar Bobb,52,NOR,AM,20-266,11,7,0,1,1,5,2,7,0,0,,0,,3,18,9,0,0,0,0,0,5,0,ae3ba8e8
8986,ENG-Premier League,2324,2024-04-03 Manchester City-Aston Villa,Manchester City,Phil Foden,47,ENG,AM,23-311,79,71,5,6,20,46,5,71,7,3,42.9,4,57.1,39,214,148,3,1,2,3,1,60,10,ae3ba8e8
8987,ENG-Premier League,2324,2024-04-03 Manchester City-Aston Villa,Manchester City,Rico Lewis,82,ENG,RB,19-134,90,87,1,7,37,43,4,87,0,0,,0,,37,220,129,1,6,1,0,3,70,5,ae3ba8e8
8988,ENG-Premier League,2324,2024-04-03 Manchester City-Aston Villa,Manchester City,Rodri,16,ESP,DM,27-286,74,113,3,14,51,48,3,113,2,1,50.0,1,50.0,61,331,191,2,3,0,1,2,90,1,ae3ba8e8
8989,ENG-Premier League,2324,2024-04-03 Manchester City-Aston Villa,Manchester City,Rúben Dias,3,POR,CB,26-325,90,112,10,35,67,10,0,112,0,0,,0,,55,292,205,1,4,0,2,0,83,0,ae3ba8e8
8990,ENG-Premier League,2324,2024-04-03 Manchester City-Aston Villa,Manchester City,Sergio Gómez,21,ESP,RW,23-212,11,10,0,0,3,7,1,10,0,0,,0,,4,16,8,0,0,0,0,0,8,1,ae3ba8e8
8991,ENG-Premier League,2324,2024-04-03 Manchester City-Aston Villa,Manchester City,Stefan Ortega,18,GER,GK,31-149,90,31,24,30,1,0,0,31,0,0,,0,,18,85,40,0,0,0,0,0,24,0,ae3ba8e8
9132,ENG-Premier League,2324,2024-04-06 Crystal Palace-Manchester City,Manchester City,Bernardo Silva,20,POR,CM,29-240,1,4,0,0,3,1,0,4,0,0,,0,,3,15,13,0,1,0,0,0,5,0,fca82852
9133,ENG-Premier League,2324,2024-04-06 Crystal Palace-Manchester City,Manchester City,Erling Haaland,9,NOR,FW,23-260,90,22,0,2,9,12,6,22,3,1,33.3,2,66.7,12,44,28,2,1,1,1,1,18,7,fca82852
9134,ENG-Premier League,2324,2024-04-06 Crystal Palace-Manchester City,Manchester City,Jack Grealish,10,ENG,LW,28-209,90,73,0,1,14,58,4,73,3,0,0.0,2,66.7,60,285,172,5,5,3,1,0,67,21,fca82852
9135,ENG-Premier League,2324,2024-04-06 Crystal Palace-Manchester City,Manchester City,John Stones,5,ENG,RB,29-314,90,116,2,16,77,23,0,116,1,0,0.0,1,100.0,95,522,264,1,4,0,0,0,106,4,fca82852
9136,ENG-Premier League,2324,2024-04-06 Crystal Palace-Manchester City,Manchester City,Joško Gvardiol,24,CRO,LB,22-074,45,79,2,8,58,13,1,79,0,0,,0,,48,203,109,1,1,0,1,0,59,4,fca82852
9137,ENG-Premier League,2324,2024-04-06 Crystal Palace-Manchester City,Manchester City,Julián Álvarez,19,ARG,CM,24-066,73,40,1,3,15,24,4,40,0,0,,0,,22,54,23,0,0,0,0,1,28,5,fca82852
9138,ENG-Premier League,2324,2024-04-06 Crystal Palace-Manchester City,Manchester City,Kevin De Bruyne,17,BEL,CM,32-283,89,94,0,2,36,57,10,94,0,0,,0,,60,173,95,0,2,0,1,1,75,10,fca82852
9139,ENG-Premier League,2324,2024-04-06 Crystal Palace-Manchester City,Manchester City,Manuel Akanji,25,SUI,LB,28-262,45,67,0,7,33,27,1,67,0,0,,0,,51,300,218,4,8,1,0,1,60,7,fca82852
9140,ENG-Premier League,2324,2024-04-06 Crystal Palace-Manchester City,Manchester City,Mateo Kovačić,8,CRO,DM,29-336,17,26,0,4,20,2,1,26,1,1,100.0,0,0.0,15,116,60,1,0,0,0,1,17,0,fca82852
9141,ENG-Premier League,2324,2024-04-06 Crystal Palace-Manchester City,Manchester City,Matheus Nunes,27,POR,CM,25-223,17,15,1,2,7,6,1,15,0,0,,0,,8,63,39,1,0,0,0,0,10,1,fca82852
9142,ENG-Premier League,2324,2024-04-06 Crystal Palace-Manchester City,Manchester City,Oscar Bobb,52,NOR,RW,20-269,90,51,1,2,11,39,4,51,4,1,25.0,3,75.0,36,123,56,2,1,1,2,1,41,8,fca82852
9143,ENG-Premier League,2324,2024-04-06 Crystal Palace-Manchester City,Manchester City,Rico Lewis,82,ENG,DM,19-137,90,71,0,12,32,28,4,71,1,0,0.0,0,0.0,46,201,111,4,1,1,1,1,57,11,fca82852
9144,ENG-Premier League,2324,2024-04-06 Crystal Palace-Manchester City,Manchester City,Rodri,16,ESP,DM,27-289,73,116,1,12,73,32,2,116,1,1,100.0,0,0.0,79,305,174,2,2,0,2,1,99,0,fca82852
9145,ENG-Premier League,2324,2024-04-06 Crystal Palace-Manchester City,Manchester City,Rúben Dias,3,POR,CB,26-328,90,152,11,33,107,12,1,152,0,0,,0,,117,622,391,1,4,0,0,1,129,0,fca82852
9146,ENG-Premier League,2324,2024-04-06 Crystal Palace-Manchester City,Manchester City,Stefan Ortega,18,GER,GK,31-152,90,35,26,35,0,0,0,35,0,0,,0,,27,123,94,0,0,0,0,0,22,0,fca82852
9461,ENG-Premier League,2324,2024-04-13 Manchester City-Luton Town,Manchester City,Ederson,31,BRA,GK,30-240,90,33,23,32,1,0,0,33,0,0,,0,,23,158,130,0,0,0,0,0,28,0,40128bc4
9462,ENG-Premier League,2324,2024-04-13 Manchester City-Luton Town,Manchester City,Erling Haaland,9,NOR,FW,23-267,80,24,0,0,8,16,9,23,0,0,,0,,11,72,29,2,0,1,1,1,17,7,40128bc4
9463,ENG-Premier League,2324,2024-04-13 Manchester City-Luton Town,Manchester City,Jeremy Doku,11,BEL,LW,21-322,90,78,0,1,12,66,19,78,12,6,50.0,5,41.7,65,560,389,17,6,10,2,1,69,24,40128bc4
9464,ENG-Premier League,2324,2024-04-13 Manchester City-Luton Town,Manchester City,Joško Gvardiol,24,CRO,LB,22-081,90,85,0,17,30,39,8,85,0,0,,0,,57,248,126,5,3,3,2,0,63,1,40128bc4
9465,ENG-Premier League,2324,2024-04-13 Manchester City-Luton Town,Manchester City,Julián Álvarez,19,ARG,"RW,FW",24-073,90,86,0,2,19,65,15,86,3,1,33.3,2,66.7,51,208,82,2,1,2,2,1,59,13,40128bc4
9466,ENG-Premier League,2324,2024-04-13 Manchester City-Luton Town,Manchester City,Kevin De Bruyne,17,BEL,AM,32-290,80,76,0,1,20,55,10,76,0,0,,0,,52,243,152,6,3,2,1,0,62,7,40128bc4
9467,ENG-Premier League,2324,2024-04-13 Manchester City-Luton Town,Manchester City,Manuel Akanji,25,SUI,CB,28-269,90,102,2,16,52,37,2,102,0,0,,0,,77,303,160,1,1,0,1,0,79,1,40128bc4
9468,ENG-Premier League,2324,2024-04-13 Manchester City-Luton Town,Manchester City,Mateo Kovačić,8,CRO,DM,29-343,90,100,0,8,44,48,8,100,1,1,100.0,0,0.0,72,350,122,1,2,1,2,0,77,3,40128bc4
9469,ENG-Premier League,2324,2024-04-13 Manchester City-Luton Town,Manchester City,Matheus Nunes,27,POR,DM,25-230,90,85,0,5,33,48,9,85,2,0,0.0,1,50.0,62,359,167,5,6,2,1,1,71,7,40128bc4
9470,ENG-Premier League,2324,2024-04-13 Manchester City-Luton Town,Manchester City,Oscar Bobb,52,NOR,AM,20-276,10,10,0,1,2,7,4,10,1,1,100.0,0,0.0,6,28,14,1,0,1,0,0,6,0,40128bc4
9471,ENG-Premier League,2324,2024-04-13 Manchester City-Luton Town,Manchester City,Rico Lewis,82,ENG,RB,19-144,90,92,1,22,32,39,8,92,1,1,100.0,0,0.0,69,265,157,4,0,3,1,0,75,7,40128bc4
9472,ENG-Premier League,2324,2024-04-13 Manchester City-Luton Town,Manchester City,Rúben Dias,3,POR,CB,26-335,90,123,6,41,45,37,3,123,0,0,,0,,92,446,229,1,8,1,1,1,101,1,40128bc4
9473,ENG-Premier League,2324,2024-04-13 Manchester City-Luton Town,Manchester City,Sergio Gómez,21,ESP,RW,23-222,10,16,0,2,3,11,0,16,0,0,,0,,11,65,42,1,0,0,0,0,14,1,40128bc4
10038,ENG-Premier League,2324,2024-04-25 Brighton-Manchester City,Manchester City,Bernardo Silva,20,POR,RM,29-259,77,73,0,13,45,16,0,73,0,0,,0,,56,285,167,3,3,0,1,0,64,2,45bb8cac
10039,ENG-Premier League,2324,2024-04-25 Brighton-Manchester City,Manchester City,Ederson,31,BRA,GK,30-252,90,56,44,56,0,0,0,56,0,0,,0,,40,170,84,0,0,0,0,0,34,0,45bb8cac
10040,ENG-Premier League,2324,2024-04-25 Brighton-Manchester City,Manchester City,Jack Grealish,10,ENG,LM,28-228,20,12,0,0,6,6,0,12,0,0,,0,,11,70,31,1,3,0,0,2,13,1,45bb8cac
10041,ENG-Premier League,2324,2024-04-25 Brighton-Manchester City,Manchester City,Jeremy Doku,11,BEL,RM,21-334,13,9,0,1,5,3,1,9,0,0,,0,,7,39,13,1,0,0,0,1,9,1,45bb8cac
10042,ENG-Premier League,2324,2024-04-25 Brighton-Manchester City,Manchester City,Joško Gvardiol,24,CRO,LB,22-093,90,77,2,16,47,15,1,77,1,1,100.0,0,0.0,51,189,88,0,3,0,1,0,56,1,45bb8cac
10043,ENG-Premier League,2324,2024-04-25 Brighton-Manchester City,Manchester City,Julián Álvarez,19,ARG,FW,24-085,90,40,0,0,11,29,7,40,0,0,,0,,24,126,85,5,0,3,2,0,27,3,45bb8cac
10044,ENG-Premier League,2324,2024-04-25 Brighton-Manchester City,Manchester City,Kevin De Bruyne,17,BEL,CM,32-302,71,46,1,4,24,19,2,46,2,0,0.0,2,100.0,30,164,107,3,4,0,1,0,38,2,45bb8cac
10045,ENG-Premier League,2324,2024-04-25 Brighton-Manchester City,Manchester City,Kyle Walker,2,ENG,RB,33-333,78,50,1,9,23,18,4,50,2,1,50.0,1,50.0,28,141,85,2,0,2,2,2,37,9,45bb8cac
10046,ENG-Premier League,2324,2024-04-25 Brighton-Manchester City,Manchester City,Manuel Akanji,25,SUI,CB,28-281,90,104,7,63,40,1,0,104,0,0,,0,,79,309,102,0,0,0,0,0,92,0,45bb8cac
10047,ENG-Premier League,2324,2024-04-25 Brighton-Manchester City,Manchester City,Mateo Kovačić,8,CRO,CM,29-355,90,95,1,21,59,17,0,95,1,1,100.0,0,0.0,74,440,189,3,4,0,1,1,88,3,45bb8cac
10048,ENG-Premier League,2324,2024-04-25 Brighton-Manchester City,Manchester City,Matheus Nunes,27,POR,CM,25-242,19,29,0,8,11,10,0,29,0,0,,0,,22,146,85,1,0,0,1,0,25,1,45bb8cac
10049,ENG-Premier League,2324,2024-04-25 Brighton-Manchester City,Manchester City,Nathan Aké,6,NED,CB,29-067,90,87,8,44,41,2,1,87,0,0,,0,,64,340,211,0,0,0,0,0,75,0,45bb8cac
10050,ENG-Premier League,2324,2024-04-25 Brighton-Manchester City,Manchester City,Phil Foden,47,ENG,LM,23-333,70,61,0,3,39,20,3,61,3,0,0.0,3,100.0,42,201,61,2,0,1,0,2,50,5,45bb8cac
10051,ENG-Premier League,2324,2024-04-25 Brighton-Manchester City,Manchester City,Rico Lewis,82,ENG,RB,19-156,12,23,0,10,8,5,1,23,0,0,,0,,19,88,59,0,0,0,0,0,19,1,45bb8cac
10052,ENG-Premier League,2324,2024-04-25 Brighton-Manchester City,Manchester City,Rodri,16,ESP,DM,27-308,78,117,4,33,75,9,2,117,2,1,50.0,0,0.0,82,390,172,2,2,0,0,1,109,1,45bb8cac
10053,ENG-Premier League,2324,2024-04-25 Brighton-Manchester City,Manchester City,Sergio Gómez,21,ESP,DM,23-234,12,11,0,5,5,1,0,11,0,0,,0,,9,69,8,0,0,0,0,0,11,0,45bb8cac
10287,ENG-Premier League,2324,2024-04-28 Nott'ham Forest-Manchester City,Manchester City,Bernardo Silva,20,POR,"RW,CM",29-262,90,74,1,10,41,24,2,74,0,0,,0,,37,208,111,2,1,0,3,2,64,8,80bbb25e
10288,ENG-Premier League,2324,2024-04-28 Nott'ham Forest-Manchester City,Manchester City,Ederson,31,BRA,GK,30-255,45,26,20,26,0,0,0,26,0,0,,0,,6,27,18,0,0,0,0,0,11,0,80bbb25e
10289,ENG-Premier League,2324,2024-04-28 Nott'ham Forest-Manchester City,Manchester City,Erling Haaland,9,NOR,FW,23-282,29,17,0,0,6,11,3,17,3,1,33.3,2,66.7,11,61,44,4,1,2,0,0,15,3,80bbb25e
10290,ENG-Premier League,2324,2024-04-28 Nott'ham Forest-Manchester City,Manchester City,Jack Grealish,10,ENG,"LM,LW",28-231,61,31,1,1,11,20,4,31,3,0,0.0,3,100.0,23,180,116,4,5,2,0,1,30,9,80bbb25e
10291,ENG-Premier League,2324,2024-04-28 Nott'ham Forest-Manchester City,Manchester City,Jeremy Doku,11,BEL,RM,21-337,45,22,0,3,9,10,1,22,0,0,,0,,14,88,21,0,1,0,1,2,20,2,80bbb25e
10292,ENG-Premier League,2324,2024-04-28 Nott'ham Forest-Manchester City,Manchester City,Joško Gvardiol,24,CRO,LB,22-096,90,88,8,18,49,21,3,88,2,1,50.0,1,50.0,41,233,83,2,1,0,0,1,64,6,80bbb25e
10293,ENG-Premier League,2324,2024-04-28 Nott'ham Forest-Manchester City,Manchester City,Julián Álvarez,19,ARG,"FW,LW",24-088,88,48,1,6,22,20,1,48,1,0,0.0,1,100.0,27,190,77,2,1,1,3,1,41,6,80bbb25e
10294,ENG-Premier League,2324,2024-04-28 Nott'ham Forest-Manchester City,Manchester City,Kevin De Bruyne,17,BEL,"CM,AM",32-305,88,70,0,3,36,32,4,70,3,0,0.0,3,100.0,29,146,90,1,1,0,1,0,57,12,80bbb25e
10295,ENG-Premier League,2324,2024-04-28 Nott'ham Forest-Manchester City,Manchester City,Kyle Walker,2,ENG,RB,33-336,90,82,1,19,40,24,0,82,1,1,100.0,0,0.0,33,144,75,2,1,0,0,0,60,4,80bbb25e
10296,ENG-Premier League,2324,2024-04-28 Nott'ham Forest-Manchester City,Manchester City,Manuel Akanji,25,SUI,CB,28-284,90,62,7,30,32,0,0,62,0,0,,0,,24,144,128,0,0,0,0,0,42,0,80bbb25e
10297,ENG-Premier League,2324,2024-04-28 Nott'ham Forest-Manchester City,Manchester City,Mateo Kovačić,8,CRO,DM,29-358,45,66,3,13,52,2,0,66,1,1,100.0,0,0.0,39,232,77,0,1,0,0,0,58,1,80bbb25e
10298,ENG-Premier League,2324,2024-04-28 Nott'ham Forest-Manchester City,Manchester City,Matheus Nunes,27,POR,AM,25-245,2,1,0,0,0,1,0,1,0,0,,0,,2,16,0,0,0,0,0,1,3,1,80bbb25e
10299,ENG-Premier League,2324,2024-04-28 Nott'ham Forest-Manchester City,Manchester City,Nathan Aké,6,NED,CB,29-070,90,79,11,36,40,3,0,79,1,0,0.0,1,100.0,39,332,236,0,2,0,0,0,56,0,80bbb25e
10300,ENG-Premier League,2324,2024-04-28 Nott'ham Forest-Manchester City,Manchester City,Oscar Bobb,52,NOR,LW,20-291,2,5,0,1,2,3,0,5,0,0,,0,,2,37,35,0,0,0,0,1,2,0,80bbb25e
10301,ENG-Premier League,2324,2024-04-28 Nott'ham Forest-Manchester City,Manchester City,Rodri,16,ESP,DM,27-311,90,158,6,27,101,31,0,158,0,0,,0,,76,450,289,2,4,0,2,1,128,1,80bbb25e
10302,ENG-Premier League,2324,2024-04-28 Nott'ham Forest-Manchester City,Manchester City,Stefan Ortega,18,GER,GK,31-174,45,27,24,27,0,0,0,27,0,0,,0,,13,78,49,0,0,0,0,0,18,0,80bbb25e
10499,ENG-Premier League,2324,2024-05-04 Manchester City-Wolves,Manchester City,Bernardo Silva,20,POR,RW,29-268,79,38,0,2,11,25,6,38,1,0,0.0,1,100.0,19,120,68,1,0,1,0,1,30,14,5a9032bf
10500,ENG-Premier League,2324,2024-05-04 Manchester City-Wolves,Manchester City,Ederson,31,BRA,GK,30-261,90,37,33,37,0,0,0,37,0,0,,0,,19,74,31,0,0,0,0,0,24,0,5a9032bf
10501,ENG-Premier League,2324,2024-05-04 Manchester City-Wolves,Manchester City,Erling Haaland,9,NOR,FW,23-288,81,27,0,2,8,17,9,25,1,0,0.0,1,100.0,12,42,29,2,1,2,2,2,23,5,5a9032bf
10502,ENG-Premier League,2324,2024-05-04 Manchester City-Wolves,Manchester City,Jack Grealish,10,ENG,LW,28-237,11,9,0,1,5,3,0,9,1,0,0.0,0,0.0,6,58,24,0,1,0,0,0,7,0,5a9032bf
10503,ENG-Premier League,2324,2024-05-04 Manchester City-Wolves,Manchester City,Jeremy Doku,11,BEL,RW,21-343,11,13,0,0,3,11,4,13,3,3,100.0,0,0.0,10,94,56,3,0,1,0,0,11,3,5a9032bf
10504,ENG-Premier League,2324,2024-05-04 Manchester City-Wolves,Manchester City,John Stones,5,ENG,CB,29-342,22,28,3,15,13,0,0,28,0,0,,0,,17,163,91,0,0,0,0,0,26,0,5a9032bf
10505,ENG-Premier League,2324,2024-05-04 Manchester City-Wolves,Manchester City,Joško Gvardiol,24,CRO,LB,22-102,90,68,3,9,36,24,4,68,4,3,75.0,0,0.0,32,124,43,0,2,0,1,0,39,4,5a9032bf
10506,ENG-Premier League,2324,2024-05-04 Manchester City-Wolves,Manchester City,Julián Álvarez,19,ARG,FW,24-094,9,6,0,0,2,4,1,6,0,0,,0,,2,7,7,0,0,0,0,0,4,1,5a9032bf
10507,ENG-Premier League,2324,2024-05-04 Manchester City-Wolves,Manchester City,Kevin De Bruyne,17,BEL,AM,32-311,78,54,0,1,24,29,5,54,3,2,66.7,0,0.0,25,170,115,5,3,1,1,3,41,8,5a9032bf
10508,ENG-Premier League,2324,2024-05-04 Manchester City-Wolves,Manchester City,Kyle Walker,2,ENG,RB,33-342,90,69,1,14,42,13,0,69,0,0,,0,,36,223,87,1,1,0,0,0,52,1,5a9032bf
10509,ENG-Premier League,2324,2024-05-04 Manchester City-Wolves,Manchester City,Manuel Akanji,25,SUI,CB,28-290,90,86,6,30,52,4,2,86,0,0,,0,,42,267,174,1,0,0,1,1,65,0,5a9032bf
10510,ENG-Premier League,2324,2024-05-04 Manchester City-Wolves,Manchester City,Mateo Kovačić,8,CRO,DM,29-364,90,92,5,14,57,22,2,92,4,1,25.0,1,25.0,51,256,92,1,3,0,3,1,76,2,5a9032bf
10511,ENG-Premier League,2324,2024-05-04 Manchester City-Wolves,Manchester City,Matheus Nunes,27,POR,AM,25-251,12,11,0,0,4,7,1,11,0,0,,0,,8,22,1,0,0,0,2,0,10,1,5a9032bf
10512,ENG-Premier League,2324,2024-05-04 Manchester City-Wolves,Manchester City,Nathan Aké,6,NED,CB,29-076,68,63,2,12,48,3,1,63,0,0,,0,,34,262,179,1,3,0,1,0,52,1,5a9032bf
10513,ENG-Premier League,2324,2024-05-04 Manchester City-Wolves,Manchester City,Phil Foden,47,ENG,LW,23-342,79,50,0,2,29,20,7,50,3,2,66.7,1,33.3,27,136,68,2,2,1,0,3,42,7,5a9032bf
10514,ENG-Premier League,2324,2024-05-04 Manchester City-Wolves,Manchester City,Rodri,16,ESP,DM,27-317,90,94,0,6,55,34,8,94,3,2,66.7,1,33.3,38,127,52,1,0,0,0,4,72,2,5a9032bf
10755,ENG-Premier League,2324,2024-05-11 Fulham-Manchester City,Manchester City,Bernardo Silva,20,POR,"RW,DM",29-275,90,87,4,12,44,32,5,87,2,2,100.0,0,0.0,55,295,135,4,4,1,2,2,70,7,4e211d29
10756,ENG-Premier League,2324,2024-05-11 Fulham-Manchester City,Manchester City,Ederson,31,BRA,GK,30-268,90,39,35,39,0,0,0,39,0,0,,0,,28,122,62,0,0,0,0,0,29,0,4e211d29
10757,ENG-Premier League,2324,2024-05-11 Fulham-Manchester City,Manchester City,Erling Haaland,9,NOR,FW,23-295,81,17,1,1,5,11,5,17,0,0,,0,,8,60,33,2,1,1,2,0,12,4,4e211d29
10758,ENG-Premier League,2324,2024-05-11 Fulham-Manchester City,Manchester City,Jeremy Doku,11,BEL,LW,21-350,16,17,0,1,7,9,3,17,2,0,0.0,2,100.0,9,89,37,1,3,0,1,1,11,3,4e211d29
10759,ENG-Premier League,2324,2024-05-11 Fulham-Manchester City,Manchester City,Joško Gvardiol,24,CRO,LB,22-109,90,77,2,12,39,26,5,77,4,0,0.0,4,100.0,39,188,69,2,0,2,1,0,61,10,4e211d29
10760,ENG-Premier League,2324,2024-05-11 Fulham-Manchester City,Manchester City,Julián Álvarez,19,ARG,FW,24-101,9,6,0,0,3,3,1,5,0,0,,0,,4,10,3,0,0,0,0,2,6,2,4e211d29
10761,ENG-Premier League,2324,2024-05-11 Fulham-Manchester City,Manchester City,Kevin De Bruyne,17,BEL,AM,32-318,74,57,0,1,11,46,10,57,3,0,0.0,3,100.0,31,168,91,1,2,2,2,3,39,6,4e211d29
10762,ENG-Premier League,2324,2024-05-11 Fulham-Manchester City,Manchester City,Kyle Walker,2,ENG,RB,33-349,69,51,0,9,35,7,0,51,0,0,,0,,28,111,26,0,0,0,0,0,41,2,4e211d29
10763,ENG-Premier League,2324,2024-05-11 Fulham-Manchester City,Manchester City,Manuel Akanji,25,SUI,"CB,RB",28-297,90,102,3,30,65,7,1,102,0,0,,0,,72,321,165,3,2,0,1,0,88,1,4e211d29
10764,ENG-Premier League,2324,2024-05-11 Fulham-Manchester City,Manchester City,Mateo Kovačić,8,CRO,DM,30-005,81,104,1,10,72,22,0,104,0,0,,0,,65,320,190,1,5,0,0,2,90,2,4e211d29
10765,ENG-Premier League,2324,2024-05-11 Fulham-Manchester City,Manchester City,Nathan Aké,6,NED,CB,29-083,21,31,1,13,16,2,0,31,0,0,,0,,22,147,62,0,1,0,0,0,25,0,4e211d29
10766,ENG-Premier League,2324,2024-05-11 Fulham-Manchester City,Manchester City,Oscar Bobb,52,NOR,RW,20-304,9,9,0,1,1,7,1,9,0,0,,0,,5,39,25,1,0,0,0,1,4,1,4e211d29
10767,ENG-Premier League,2324,2024-05-11 Fulham-Manchester City,Manchester City,Phil Foden,47,ENG,"LW,AM",23-349,81,53,0,3,25,25,3,53,0,0,,0,,27,107,42,0,0,1,3,1,44,10,4e211d29
10768,ENG-Premier League,2324,2024-05-11 Fulham-Manchester City,Manchester City,Rico Lewis,82,ENG,"AM,DM",19-172,9,5,0,0,1,4,2,5,0,0,,0,,5,44,34,2,1,0,0,0,6,3,4e211d29
10769,ENG-Premier League,2324,2024-05-11 Fulham-Manchester City,Manchester City,Rodri,16,ESP,DM,27-324,90,135,3,18,89,29,0,135,4,2,50.0,2,50.0,88,356,189,2,1,0,1,0,119,2,4e211d29
10770,ENG-Premier League,2324,2024-05-11 Fulham-Manchester City,Manchester City,Rúben Dias,3,POR,CB,26-363,90,102,11,45,55,2,0,102,0,0,,0,,62,244,142,0,0,0,0,0,75,0,4e211d29
10984,ENG-Premier League,2324,2024-05-14 Tottenham-Manchester City,Manchester City,Bernardo Silva,20,POR,RW,29-278,90,75,3,13,31,31,5,75,2,1,50.0,1,50.0,47,295,107,5,3,3,0,2,57,9,2ba17e6d
10985,ENG-Premier League,2324,2024-05-14 Tottenham-Manchester City,Manchester City,Ederson,31,BRA,GK,30-271,68,24,23,24,0,0,0,24,0,0,,0,,17,61,43,0,0,0,0,0,18,0,2ba17e6d
10986,ENG-Premier League,2324,2024-05-14 Tottenham-Manchester City,Manchester City,Erling Haaland,9,NOR,FW,23-298,89,23,1,2,10,11,3,22,0,0,,0,,6,27,3,0,0,0,1,1,12,1,2ba17e6d
10987,ENG-Premier League,2324,2024-05-14 Tottenham-Manchester City,Manchester City,Jeremy Doku,11,BEL,LW,21-353,22,20,0,3,2,15,4,20,5,1,20.0,2,40.0,14,130,99,5,1,4,0,1,18,4,2ba17e6d
10988,ENG-Premier League,2324,2024-05-14 Tottenham-Manchester City,Manchester City,Joško Gvardiol,24,CRO,LB,22-112,90,66,4,27,27,14,2,66,2,2,100.0,0,0.0,32,156,102,3,2,1,0,0,40,6,2ba17e6d
10989,ENG-Premier League,2324,2024-05-14 Tottenham-Manchester City,Manchester City,Julián Álvarez,19,ARG,FW,24-104,1,4,0,0,1,3,1,4,0,0,,0,,1,9,8,1,0,1,0,0,1,1,2ba17e6d
10990,ENG-Premier League,2324,2024-05-14 Tottenham-Manchester City,Manchester City,Kevin De Bruyne,17,BEL,AM,32-321,68,32,0,2,14,16,2,32,3,0,0.0,3,100.0,13,33,9,0,1,0,0,2,20,6,2ba17e6d
10991,ENG-Premier League,2324,2024-05-14 Tottenham-Manchester City,Manchester City,Kyle Walker,2,ENG,RB,33-352,90,59,2,17,31,11,3,59,2,1,50.0,1,50.0,27,148,107,2,1,1,1,0,43,5,2ba17e6d
10992,ENG-Premier League,2324,2024-05-14 Tottenham-Manchester City,Manchester City,Manuel Akanji,25,SUI,CB,28-300,90,59,5,31,26,2,0,59,0,0,,0,,33,121,23,0,0,0,0,1,44,1,2ba17e6d
10993,ENG-Premier League,2324,2024-05-14 Tottenham-Manchester City,Manchester City,Mateo Kovačić,8,CRO,DM,30-008,90,85,2,12,58,15,0,85,0,0,,0,,38,155,74,1,1,0,1,1,63,0,2ba17e6d
10994,ENG-Premier League,2324,2024-05-14 Tottenham-Manchester City,Manchester City,Phil Foden,47,ENG,"LW,AM",23-352,90,62,0,7,32,25,3,62,4,2,50.0,2,50.0,38,161,60,1,3,0,3,4,52,3,2ba17e6d
10995,ENG-Premier League,2324,2024-05-14 Tottenham-Manchester City,Manchester City,Rodri,16,ESP,DM,27-327,90,87,6,17,60,10,0,87,0,0,,0,,30,141,69,1,0,0,1,1,68,0,2ba17e6d
10996,ENG-Premier League,2324,2024-05-14 Tottenham-Manchester City,Manchester City,Rúben Dias,3,POR,CB,27-000,90,69,11,37,30,3,0,69,0,0,,0,,32,136,49,0,0,0,1,1,58,0,2ba17e6d
10997,ENG-Premier League,2324,2024-05-14 Tottenham-Manchester City,Manchester City,Stefan Ortega,18,GER,GK,31-190,22,10,7,10,0,0,0,10,0,0,,0,,4,43,20,0,0,0,0,0,3,0,2ba17e6d
11325,ENG-Premier League,2324,2024-05-19 Manchester City-West Ham,Manchester City,Bernardo Silva,20,POR,RM,29-283,90,89,0,3,32,54,5,89,2,2,100.0,0,0.0,61,343,220,6,2,4,0,0,74,9,29335211
11326,ENG-Premier League,2324,2024-05-19 Manchester City-West Ham,Manchester City,Erling Haaland,9,NOR,FW,23-303,90,25,0,0,8,17,10,25,1,0,0.0,1,100.0,11,25,5,0,0,0,1,0,21,3,29335211
11327,ENG-Premier League,2324,2024-05-19 Manchester City-West Ham,Manchester City,Jeremy Doku,11,BEL,LM,21-358,90,58,0,1,15,43,16,58,10,5,50.0,5,50.0,45,434,274,16,6,15,4,3,43,12,29335211
11328,ENG-Premier League,2324,2024-05-19 Manchester City-West Ham,Manchester City,Joško Gvardiol,24,CRO,LB,22-117,90,88,1,9,43,38,3,88,0,0,,0,,57,239,106,2,3,1,0,0,71,7,29335211
11329,ENG-Premier League,2324,2024-05-19 Manchester City-West Ham,Manchester City,Kevin De Bruyne,17,BEL,CM,32-326,90,104,0,3,23,78,8,104,1,0,0.0,1,100.0,69,300,143,5,4,1,0,1,86,13,29335211
11330,ENG-Premier League,2324,2024-05-19 Manchester City-West Ham,Manchester City,Kyle Walker,2,ENG,RB,33-357,90,123,2,17,74,32,0,123,0,0,,0,,87,345,186,2,7,0,0,1,103,0,29335211
11331,ENG-Premier League,2324,2024-05-19 Manchester City-West Ham,Manchester City,Manuel Akanji,25,SUI,CB,28-305,70,81,2,11,55,16,2,81,0,0,,0,,56,306,196,1,2,0,0,1,67,0,29335211
11332,ENG-Premier League,2324,2024-05-19 Manchester City-West Ham,Manchester City,Mateo Kovačić,8,CRO,CM,30-013,1,4,0,1,3,0,0,4,0,0,,0,,2,30,20,1,0,0,0,0,4,0,29335211
11333,ENG-Premier League,2324,2024-05-19 Manchester City-West Ham,Manchester City,Nathan Aké,6,NED,CB,29-091,20,20,3,11,8,1,0,20,0,0,,0,,16,51,28,0,0,0,0,0,17,0,29335211
11334,ENG-Premier League,2324,2024-05-19 Manchester City-West Ham,Manchester City,Phil Foden,47,ENG,CM,23-357,89,94,1,2,28,64,5,94,1,1,100.0,0,0.0,53,175,67,1,0,1,0,1,72,3,29335211
11335,ENG-Premier League,2324,2024-05-19 Manchester City-West Ham,Manchester City,Rodri,16,ESP,DM,27-332,90,131,1,5,76,50,1,131,0,0,,0,,98,409,238,1,4,0,1,0,115,1,29335211
11336,ENG-Premier League,2324,2024-05-19 Manchester City-West Ham,Manchester City,Rúben Dias,3,POR,CB,27-005,90,63,2,17,42,4,2,63,0,0,,0,,43,201,87,0,1,0,0,0,56,1,29335211
11337,ENG-Premier League,2324,2024-05-19 Manchester City-West Ham,Manchester City,Stefan Ortega,18,GER,GK,31-195,90,20,15,20,0,0,0,20,0,0,,0,,14,58,36,0,0,0,0,0,13,0,29335211
