,league,season,game,team,player,jersey_number,nation,pos,age,min,Att,Pass Types,Pass Types,Pass Types,Pass Types,Pass Types,Pass Types,Pass Types,Pass Types,Corner Kicks,Corner Kicks,Corner Kicks,Outcomes,Outcomes,Outcomes,game_id
,,,,,,,,,,,,Live,Dead,FK,TB,Sw,Crs,TI,CK,In,Out,Str,Cmp,Off,Blocks,
16,ENG-Premier League,2324,2023-08-11 Burnley-Manchester City,Manchester City,Aymeric Laporte,14,ESP,CB,29-076,12,11,11,0,0,0,0,0,0,0,0,0,0,11,0,0,3a6836b4
17,ENG-Premier League,2324,2023-08-11 Burnley-Manchester City,Manchester City,Bernardo Silva,20,POR,"CM,RW",29-001,90,70,67,3,2,1,0,3,0,0,0,0,0,61,0,0,3a6836b4
18,ENG-Premier League,2324,2023-08-11 Burnley-Manchester City,Manchester City,Cole Palmer,80,ENG,LM,21-097,11,5,5,0,0,0,0,0,0,0,0,0,0,4,0,0,3a6836b4
19,ENG-Premier League,2324,2023-08-11 Burnley-Manchester City,Manchester City,Ederson,31,BRA,GK,29-359,90,75,67,8,1,0,1,0,0,0,0,0,0,62,0,0,3a6836b4
20,ENG-Premier League,2324,2023-08-11 Burnley-Manchester City,Manchester City,Erling Haaland,9,NOR,FW,23-021,79,11,11,0,0,0,0,0,0,0,0,0,0,9,0,1,3a6836b4
21,ENG-Premier League,2324,2023-08-11 Burnley-Manchester City,Manchester City,James Mcatee,87,ENG,"DM,RB",20-297,1,0,0,0,0,0,0,0,0,0,0,0,0,0,0,0,3a6836b4
22,ENG-Premier League,2324,2023-08-11 Burnley-Manchester City,Manchester City,Joško Gvardiol,24,CRO,LB,21-200,12,7,7,0,0,0,0,0,0,0,0,0,0,5,0,0,3a6836b4
23,ENG-Premier League,2324,2023-08-11 Burnley-Manchester City,Manchester City,Julián Álvarez,19,ARG,"LM,AM,FW",23-192,90,44,38,6,3,2,0,5,1,2,0,2,0,36,0,0,3a6836b4
24,ENG-Premier League,2324,2023-08-11 Burnley-Manchester City,Manchester City,Kevin De Bruyne,17,BEL,DM,32-044,22,10,8,1,0,0,0,3,0,1,0,0,0,6,1,0,3a6836b4
25,ENG-Premier League,2324,2023-08-11 Burnley-Manchester City,Manchester City,Kyle Walker,2,ENG,RB,33-075,89,72,64,8,0,0,0,0,8,0,0,0,0,66,0,1,3a6836b4
26,ENG-Premier League,2324,2023-08-11 Burnley-Manchester City,Manchester City,Manuel Akanji,25,SUI,"CB,RB",28-023,90,102,100,2,2,0,0,1,0,0,0,0,0,89,0,0,3a6836b4
27,ENG-Premier League,2324,2023-08-11 Burnley-Manchester City,Manchester City,Mateo Kovačić,8,CRO,CM,29-097,68,64,64,0,0,1,0,0,0,0,0,0,0,61,0,0,3a6836b4
28,ENG-Premier League,2324,2023-08-11 Burnley-Manchester City,Manchester City,Nathan Aké,6,NED,CB,28-174,78,69,68,1,0,0,0,0,1,0,0,0,0,65,0,0,3a6836b4
29,ENG-Premier League,2324,2023-08-11 Burnley-Manchester City,Manchester City,Phil Foden,47,ENG,"RM,LW",23-075,90,48,44,4,2,2,0,3,0,2,0,2,0,37,0,3,3a6836b4
30,ENG-Premier League,2324,2023-08-11 Burnley-Manchester City,Manchester City,Rico Lewis,82,ENG,LB,18-263,78,42,39,3,0,0,0,0,3,0,0,0,0,36,0,1,3a6836b4
31,ENG-Premier League,2324,2023-08-11 Burnley-Manchester City,Manchester City,Rodri,16,ESP,"DM,CB",27-050,90,110,110,0,0,1,0,0,0,0,0,0,0,107,0,1,3a6836b4
397,ENG-Premier League,2324,2023-08-19 Manchester City-Newcastle Utd,Manchester City,Ederson,31,BRA,GK,30-002,90,50,43,7,3,0,0,0,0,0,0,0,0,39,0,0,0b8f50a5
398,ENG-Premier League,2324,2023-08-19 Manchester City-Newcastle Utd,Manchester City,Erling Haaland,9,NOR,FW,23-029,90,11,11,0,0,0,0,0,0,0,0,0,0,6,0,1,0b8f50a5
399,ENG-Premier League,2324,2023-08-19 Manchester City-Newcastle Utd,Manchester City,Jack Grealish,10,ENG,LW,27-343,90,49,42,7,1,0,1,2,3,3,1,0,0,39,0,2,0b8f50a5
400,ENG-Premier League,2324,2023-08-19 Manchester City-Newcastle Utd,Manchester City,Joško Gvardiol,24,CRO,LB,21-208,90,65,57,8,0,0,1,0,8,0,0,0,0,57,0,1,0b8f50a5
401,ENG-Premier League,2324,2023-08-19 Manchester City-Newcastle Utd,Manchester City,Julián Álvarez,19,ARG,AM,23-200,90,31,29,2,1,1,0,3,1,0,0,0,0,24,0,0,0b8f50a5
402,ENG-Premier League,2324,2023-08-19 Manchester City-Newcastle Utd,Manchester City,Kyle Walker,2,ENG,RB,33-083,90,73,65,8,3,0,1,1,5,0,0,0,0,65,0,0,0b8f50a5
403,ENG-Premier League,2324,2023-08-19 Manchester City-Newcastle Utd,Manchester City,Manuel Akanji,25,SUI,CB,28-031,90,60,60,0,0,0,0,0,0,0,0,0,0,57,0,0,0b8f50a5
404,ENG-Premier League,2324,2023-08-19 Manchester City-Newcastle Utd,Manchester City,Mateo Kovačić,8,CRO,DM,29-105,90,97,92,5,4,0,0,0,0,0,0,0,0,91,0,0,0b8f50a5
405,ENG-Premier League,2324,2023-08-19 Manchester City-Newcastle Utd,Manchester City,Phil Foden,47,ENG,RW,23-083,90,56,54,2,1,3,0,1,1,0,0,0,0,50,0,0,0b8f50a5
406,ENG-Premier League,2324,2023-08-19 Manchester City-Newcastle Utd,Manchester City,Rodri,16,ESP,DM,27-058,90,135,133,2,2,0,1,0,0,0,0,0,0,122,0,0,0b8f50a5
407,ENG-Premier League,2324,2023-08-19 Manchester City-Newcastle Utd,Manchester City,Rúben Dias,3,POR,CB,26-097,90,87,85,1,0,0,0,0,1,0,0,0,0,82,1,0,0b8f50a5
845,ENG-Premier League,2324,2023-08-27 Sheffield Utd-Manchester City,Manchester City,Bernardo Silva,20,POR,"RW,DM",29-017,90,55,51,3,2,0,0,4,1,0,0,0,0,47,1,1,0844ff10
846,ENG-Premier League,2324,2023-08-27 Sheffield Utd-Manchester City,Manchester City,Ederson,31,BRA,GK,30-010,90,33,26,7,1,0,0,0,0,0,0,0,0,27,0,0,0844ff10
847,ENG-Premier League,2324,2023-08-27 Sheffield Utd-Manchester City,Manchester City,Erling Haaland,9,NOR,FW,23-037,90,11,11,0,0,0,0,0,0,0,0,0,0,6,0,1,0844ff10
848,ENG-Premier League,2324,2023-08-27 Sheffield Utd-Manchester City,Manchester City,Jack Grealish,10,ENG,LW,27-351,90,53,49,4,0,0,1,3,2,2,1,0,0,48,0,0,0844ff10
849,ENG-Premier League,2324,2023-08-27 Sheffield Utd-Manchester City,Manchester City,Joško Gvardiol,24,CRO,LB,21-216,90,102,98,4,1,2,2,1,3,0,0,0,0,93,0,1,0844ff10
850,ENG-Premier League,2324,2023-08-27 Sheffield Utd-Manchester City,Manchester City,Julián Álvarez,19,ARG,AM,23-208,90,52,40,11,1,0,0,12,0,9,5,2,0,34,1,2,0844ff10
851,ENG-Premier League,2324,2023-08-27 Sheffield Utd-Manchester City,Manchester City,Kyle Walker,2,ENG,RB,33-091,90,86,83,3,0,0,0,8,3,0,0,0,0,72,0,1,0844ff10
852,ENG-Premier League,2324,2023-08-27 Sheffield Utd-Manchester City,Manchester City,Mateo Kovačić,8,CRO,DM,29-113,85,76,74,2,1,1,0,0,1,0,0,0,0,68,0,3,0844ff10
853,ENG-Premier League,2324,2023-08-27 Sheffield Utd-Manchester City,Manchester City,Nathan Aké,6,NED,CB,28-190,90,81,80,1,1,0,0,0,0,0,0,0,0,79,0,0,0844ff10
854,ENG-Premier League,2324,2023-08-27 Sheffield Utd-Manchester City,Manchester City,Phil Foden,47,ENG,RW,23-091,5,9,9,0,0,0,0,0,0,0,0,0,0,9,0,0,0844ff10
855,ENG-Premier League,2324,2023-08-27 Sheffield Utd-Manchester City,Manchester City,Rodri,16,ESP,DM,27-066,90,119,117,2,0,0,1,3,0,1,0,0,0,114,0,0,0844ff10
856,ENG-Premier League,2324,2023-08-27 Sheffield Utd-Manchester City,Manchester City,Rúben Dias,3,POR,CB,26-105,90,116,114,2,1,0,0,4,1,0,0,0,0,110,0,0,0844ff10
1043,ENG-Premier League,2324,2023-09-02 Manchester City-Fulham,Manchester City,Bernardo Silva,20,POR,DM,29-023,15,22,20,2,2,0,0,0,0,0,0,0,0,21,0,0,88066bdf
1044,ENG-Premier League,2324,2023-09-02 Manchester City-Fulham,Manchester City,Ederson,31,BRA,GK,30-016,90,45,40,5,1,0,0,0,0,0,0,0,0,40,0,0,88066bdf
1045,ENG-Premier League,2324,2023-09-02 Manchester City-Fulham,Manchester City,Erling Haaland,9,NOR,FW,23-043,90,6,6,0,0,1,0,0,0,0,0,0,0,4,0,1,88066bdf
1046,ENG-Premier League,2324,2023-09-02 Manchester City-Fulham,Manchester City,Jeremy Doku,11,BEL,RW,21-098,75,26,26,0,0,0,0,3,0,0,0,0,0,20,0,3,88066bdf
1047,ENG-Premier League,2324,2023-09-02 Manchester City-Fulham,Manchester City,Julián Álvarez,19,ARG,AM,23-214,89,37,34,2,1,0,0,1,0,1,0,1,0,28,1,1,88066bdf
1048,ENG-Premier League,2324,2023-09-02 Manchester City-Fulham,Manchester City,Kalvin Phillips,4,ENG,DM,27-274,7,13,12,1,1,0,0,0,0,0,0,0,0,13,0,0,88066bdf
1049,ENG-Premier League,2324,2023-09-02 Manchester City-Fulham,Manchester City,Kyle Walker,2,ENG,RB,33-097,90,106,98,8,1,0,0,1,7,0,0,0,0,86,0,4,88066bdf
1050,ENG-Premier League,2324,2023-09-02 Manchester City-Fulham,Manchester City,Manuel Akanji,25,SUI,CB,28-045,90,106,104,2,1,1,0,0,1,0,0,0,0,98,0,1,88066bdf
1051,ENG-Premier League,2324,2023-09-02 Manchester City-Fulham,Manchester City,Mateo Kovačić,8,CRO,DM,29-119,83,53,51,2,0,0,0,0,0,0,0,0,0,49,0,0,88066bdf
1052,ENG-Premier League,2324,2023-09-02 Manchester City-Fulham,Manchester City,Nathan Aké,6,NED,LB,28-196,90,96,82,14,2,0,1,0,12,0,0,0,0,84,0,0,88066bdf
1053,ENG-Premier League,2324,2023-09-02 Manchester City-Fulham,Manchester City,Oscar Bobb,52,NOR,RW,20-052,1,4,4,0,0,0,0,0,0,0,0,0,0,4,0,0,88066bdf
1054,ENG-Premier League,2324,2023-09-02 Manchester City-Fulham,Manchester City,Phil Foden,47,ENG,"LW,RW",23-097,89,44,40,4,1,0,0,4,0,3,0,2,0,35,0,0,88066bdf
1055,ENG-Premier League,2324,2023-09-02 Manchester City-Fulham,Manchester City,Rico Lewis,82,ENG,AM,18-285,1,4,4,0,0,0,0,0,0,0,0,0,0,4,0,0,88066bdf
1056,ENG-Premier League,2324,2023-09-02 Manchester City-Fulham,Manchester City,Rodri,16,ESP,DM,27-072,75,92,92,0,0,1,2,0,0,0,0,0,0,85,0,1,88066bdf
1057,ENG-Premier League,2324,2023-09-02 Manchester City-Fulham,Manchester City,Rúben Dias,3,POR,CB,26-111,90,102,99,3,2,0,0,0,1,0,0,0,0,101,0,0,88066bdf
1058,ENG-Premier League,2324,2023-09-02 Manchester City-Fulham,Manchester City,Sergio Gómez,21,ESP,LW,22-363,15,10,10,0,0,1,0,0,0,0,0,0,0,9,0,0,88066bdf
1327,ENG-Premier League,2324,2023-09-16 West Ham-Manchester City,Manchester City,Bernardo Silva,20,POR,"DM,RW",29-037,89,75,73,2,1,0,0,1,0,1,0,0,0,71,0,0,64c0a6e2
1328,ENG-Premier League,2324,2023-09-16 West Ham-Manchester City,Manchester City,Ederson,31,BRA,GK,30-030,90,31,29,2,0,0,1,0,0,0,0,0,0,28,0,0,64c0a6e2
1329,ENG-Premier League,2324,2023-09-16 West Ham-Manchester City,Manchester City,Erling Haaland,9,NOR,FW,23-057,89,13,12,1,0,1,0,0,0,0,0,0,0,9,0,1,64c0a6e2
1330,ENG-Premier League,2324,2023-09-16 West Ham-Manchester City,Manchester City,Jeremy Doku,11,BEL,LW,21-112,89,40,40,0,0,0,0,4,0,0,0,0,0,30,0,2,64c0a6e2
1331,ENG-Premier League,2324,2023-09-16 West Ham-Manchester City,Manchester City,Joško Gvardiol,24,CRO,LB,21-236,89,83,75,8,3,0,0,3,5,0,0,0,0,75,0,2,64c0a6e2
1332,ENG-Premier League,2324,2023-09-16 West Ham-Manchester City,Manchester City,Julián Álvarez,19,ARG,AM,23-228,90,63,55,8,1,1,0,9,1,5,0,4,0,52,0,1,64c0a6e2
1333,ENG-Premier League,2324,2023-09-16 West Ham-Manchester City,Manchester City,Kyle Walker,2,ENG,RB,33-111,90,94,88,6,1,0,0,3,5,0,0,0,0,87,0,1,64c0a6e2
1334,ENG-Premier League,2324,2023-09-16 West Ham-Manchester City,Manchester City,Manuel Akanji,25,SUI,CB,28-059,90,89,89,0,0,1,0,0,0,0,0,0,0,88,0,0,64c0a6e2
1335,ENG-Premier League,2324,2023-09-16 West Ham-Manchester City,Manchester City,Matheus Nunes,27,POR,DM,25-020,24,23,22,1,1,0,0,0,0,0,0,0,0,20,0,1,64c0a6e2
1336,ENG-Premier League,2324,2023-09-16 West Ham-Manchester City,Manchester City,Nathan Aké,6,NED,LB,28-210,1,1,1,0,0,0,0,0,0,0,0,0,0,1,0,0,64c0a6e2
1337,ENG-Premier League,2324,2023-09-16 West Ham-Manchester City,Manchester City,Oscar Bobb,52,NOR,RW,20-066,1,1,1,0,0,0,0,0,0,0,0,0,0,1,0,0,64c0a6e2
1338,ENG-Premier League,2324,2023-09-16 West Ham-Manchester City,Manchester City,Phil Foden,47,ENG,RW,23-111,66,38,33,5,0,0,1,4,1,4,0,2,0,29,0,2,64c0a6e2
1339,ENG-Premier League,2324,2023-09-16 West Ham-Manchester City,Manchester City,Rico Lewis,82,ENG,"AM,FW",18-299,1,1,1,0,0,0,0,0,0,0,0,0,0,1,0,0,64c0a6e2
1340,ENG-Premier League,2324,2023-09-16 West Ham-Manchester City,Manchester City,Rodri,16,ESP,DM,27-086,90,116,115,1,0,1,0,0,0,1,0,0,0,113,0,0,64c0a6e2
1341,ENG-Premier League,2324,2023-09-16 West Ham-Manchester City,Manchester City,Rúben Dias,3,POR,CB,26-125,90,73,73,0,0,0,0,0,0,0,0,0,0,67,0,0,64c0a6e2
1342,ENG-Premier League,2324,2023-09-16 West Ham-Manchester City,Manchester City,Sergio Gómez,21,ESP,LW,23-012,1,6,5,1,0,0,0,1,1,0,0,0,0,4,0,0,64c0a6e2
1594,ENG-Premier League,2324,2023-09-23 Manchester City-Nott'ham Forest,Manchester City,Ederson,31,BRA,GK,30-037,90,38,26,12,4,0,0,0,0,0,0,0,0,26,0,0,5dc7e234
1595,ENG-Premier League,2324,2023-09-23 Manchester City-Nott'ham Forest,Manchester City,Erling Haaland,9,NOR,FW,23-064,90,15,15,0,0,0,0,1,0,0,0,0,0,9,0,0,5dc7e234
1596,ENG-Premier League,2324,2023-09-23 Manchester City-Nott'ham Forest,Manchester City,Jack Grealish,10,ENG,CM,28-013,4,2,1,1,1,0,0,0,0,0,0,0,0,2,0,0,5dc7e234
1597,ENG-Premier League,2324,2023-09-23 Manchester City-Nott'ham Forest,Manchester City,Jeremy Doku,11,BEL,LW,21-119,50,24,24,0,0,0,0,2,0,0,0,0,0,21,0,1,5dc7e234
1598,ENG-Premier League,2324,2023-09-23 Manchester City-Nott'ham Forest,Manchester City,Joško Gvardiol,24,CRO,"LB,CB",21-243,90,76,71,5,2,0,1,0,3,0,0,0,0,65,0,1,5dc7e234
1599,ENG-Premier League,2324,2023-09-23 Manchester City-Nott'ham Forest,Manchester City,Julián Álvarez,19,ARG,"AM,RW",23-235,56,24,21,3,0,0,0,3,0,2,1,1,0,18,0,1,5dc7e234
1600,ENG-Premier League,2324,2023-09-23 Manchester City-Nott'ham Forest,Manchester City,Kalvin Phillips,4,ENG,"CM,DM",27-295,40,14,13,1,1,0,0,1,0,0,0,0,0,10,0,0,5dc7e234
1601,ENG-Premier League,2324,2023-09-23 Manchester City-Nott'ham Forest,Manchester City,Kyle Walker,2,ENG,RB,33-118,90,62,49,13,3,1,1,1,10,0,0,0,0,53,0,0,5dc7e234
1602,ENG-Premier League,2324,2023-09-23 Manchester City-Nott'ham Forest,Manchester City,Manuel Akanji,25,SUI,CB,28-066,90,82,82,0,0,0,0,0,0,0,0,0,0,79,0,0,5dc7e234
1603,ENG-Premier League,2324,2023-09-23 Manchester City-Nott'ham Forest,Manchester City,Matheus Nunes,27,POR,"DM,CM",25-027,90,52,50,2,2,0,0,1,0,0,0,0,0,48,0,1,5dc7e234
1604,ENG-Premier League,2324,2023-09-23 Manchester City-Nott'ham Forest,Manchester City,Nathan Aké,6,NED,LB,28-217,34,8,6,2,0,0,0,0,2,0,0,0,0,5,0,0,5dc7e234
1605,ENG-Premier League,2324,2023-09-23 Manchester City-Nott'ham Forest,Manchester City,Phil Foden,47,ENG,"RW,CM,LW",23-118,86,53,48,5,1,0,0,2,0,4,1,1,0,49,0,1,5dc7e234
1606,ENG-Premier League,2324,2023-09-23 Manchester City-Nott'ham Forest,Manchester City,Rodri,16,ESP,DM,27-093,45,78,76,2,2,2,1,0,0,0,0,0,0,75,0,0,5dc7e234
1607,ENG-Premier League,2324,2023-09-23 Manchester City-Nott'ham Forest,Manchester City,Rúben Dias,3,POR,CB,26-132,90,71,69,2,2,0,0,0,0,0,0,0,0,65,0,0,5dc7e234
1991,ENG-Premier League,2324,2023-09-30 Wolves-Manchester City,Manchester City,Ederson,31,BRA,GK,30-044,90,18,12,6,3,0,0,0,0,0,0,0,0,17,0,0,60ce29cd
1992,ENG-Premier League,2324,2023-09-30 Wolves-Manchester City,Manchester City,Erling Haaland,9,NOR,FW,23-071,90,12,9,3,0,0,0,0,0,0,0,0,0,10,0,2,60ce29cd
1993,ENG-Premier League,2324,2023-09-30 Wolves-Manchester City,Manchester City,Jack Grealish,10,ENG,LW,28-020,11,11,11,0,0,0,0,0,0,0,0,0,0,11,0,0,60ce29cd
1994,ENG-Premier League,2324,2023-09-30 Wolves-Manchester City,Manchester City,Jeremy Doku,11,BEL,"LW,RW",21-126,90,55,55,0,0,1,0,5,0,0,0,0,0,38,0,4,60ce29cd
1995,ENG-Premier League,2324,2023-09-30 Wolves-Manchester City,Manchester City,Julián Álvarez,19,ARG,"AM,RW",23-242,90,35,27,8,6,0,0,5,0,2,0,1,0,27,0,0,60ce29cd
1996,ENG-Premier League,2324,2023-09-30 Wolves-Manchester City,Manchester City,Kalvin Phillips,4,ENG,DM,27-302,26,25,25,0,0,0,0,1,0,0,0,0,0,23,0,1,60ce29cd
1997,ENG-Premier League,2324,2023-09-30 Wolves-Manchester City,Manchester City,Kyle Walker,2,ENG,"RB,CB",33-125,90,68,61,7,0,0,1,1,7,0,0,0,0,58,0,1,60ce29cd
1998,ENG-Premier League,2324,2023-09-30 Wolves-Manchester City,Manchester City,Manuel Akanji,25,SUI,CB,28-073,90,101,92,9,4,0,2,2,5,0,0,0,0,92,0,1,60ce29cd
1999,ENG-Premier League,2324,2023-09-30 Wolves-Manchester City,Manchester City,Mateo Kovačić,8,CRO,DM,29-147,64,56,55,1,1,0,0,0,0,0,0,0,0,48,0,1,60ce29cd
2000,ENG-Premier League,2324,2023-09-30 Wolves-Manchester City,Manchester City,Matheus Nunes,27,POR,DM,25-034,45,29,29,0,0,0,0,0,0,0,0,0,0,26,0,0,60ce29cd
2001,ENG-Premier League,2324,2023-09-30 Wolves-Manchester City,Manchester City,Nathan Aké,6,NED,LB,28-224,79,64,53,11,1,1,0,1,10,0,0,0,0,60,0,0,60ce29cd
2002,ENG-Premier League,2324,2023-09-30 Wolves-Manchester City,Manchester City,Oscar Bobb,52,NOR,"DM,LM",20-080,45,12,12,0,0,1,0,0,0,0,0,0,0,10,0,0,60ce29cd
2003,ENG-Premier League,2324,2023-09-30 Wolves-Manchester City,Manchester City,Phil Foden,47,ENG,"RW,AM,RM",23-125,90,38,31,7,3,0,0,6,0,4,0,3,0,27,0,4,60ce29cd
2004,ENG-Premier League,2324,2023-09-30 Wolves-Manchester City,Manchester City,Rúben Dias,3,POR,CB,26-139,90,121,117,4,1,1,0,0,3,0,0,0,0,110,0,0,60ce29cd
2309,ENG-Premier League,2324,2023-10-08 Arsenal-Manchester City,Manchester City,Bernardo Silva,20,POR,"CM,RM",29-059,90,66,64,2,2,0,0,0,0,0,0,0,0,63,0,0,59cd18ae
2310,ENG-Premier League,2324,2023-10-08 Arsenal-Manchester City,Manchester City,Ederson,31,BRA,GK,30-052,90,53,45,8,3,0,0,0,0,0,0,0,0,44,0,0,59cd18ae
2311,ENG-Premier League,2324,2023-10-08 Arsenal-Manchester City,Manchester City,Erling Haaland,9,NOR,FW,23-079,90,16,16,0,0,0,0,0,0,0,0,0,0,11,0,1,59cd18ae
2312,ENG-Premier League,2324,2023-10-08 Arsenal-Manchester City,Manchester City,Jeremy Doku,11,BEL,LW,21-134,23,4,4,0,0,0,0,1,0,0,0,0,0,2,0,1,59cd18ae
2313,ENG-Premier League,2324,2023-10-08 Arsenal-Manchester City,Manchester City,John Stones,5,ENG,CM,29-133,23,11,10,1,0,0,0,0,0,0,0,0,0,10,0,0,59cd18ae
2314,ENG-Premier League,2324,2023-10-08 Arsenal-Manchester City,Manchester City,Joško Gvardiol,24,CRO,LB,21-258,90,48,43,5,0,0,1,2,5,0,0,0,0,34,0,4,59cd18ae
2315,ENG-Premier League,2324,2023-10-08 Arsenal-Manchester City,Manchester City,Julián Álvarez,19,ARG,RW,23-250,67,18,17,1,0,0,0,2,0,1,1,0,0,11,0,1,59cd18ae
2316,ENG-Premier League,2324,2023-10-08 Arsenal-Manchester City,Manchester City,Kyle Walker,2,ENG,RB,33-133,90,52,46,6,0,1,0,1,6,0,0,0,0,45,0,0,59cd18ae
2317,ENG-Premier League,2324,2023-10-08 Arsenal-Manchester City,Manchester City,Mateo Kovačić,8,CRO,LM,29-155,67,37,34,3,2,0,0,0,0,0,0,0,0,36,0,0,59cd18ae
2318,ENG-Premier League,2324,2023-10-08 Arsenal-Manchester City,Manchester City,Matheus Nunes,27,POR,LM,25-042,23,20,18,2,1,0,0,1,0,1,1,0,0,18,0,0,59cd18ae
2319,ENG-Premier League,2324,2023-10-08 Arsenal-Manchester City,Manchester City,Nathan Aké,6,NED,CB,28-232,90,66,64,2,1,0,0,0,1,0,0,0,0,60,0,1,59cd18ae
2320,ENG-Premier League,2324,2023-10-08 Arsenal-Manchester City,Manchester City,Phil Foden,47,ENG,"LW,RW",23-133,90,35,32,3,1,0,1,2,0,2,2,0,0,27,0,3,59cd18ae
2321,ENG-Premier League,2324,2023-10-08 Arsenal-Manchester City,Manchester City,Rico Lewis,82,ENG,RM,18-321,67,32,32,0,0,0,0,0,0,0,0,0,0,29,0,1,59cd18ae
2322,ENG-Premier League,2324,2023-10-08 Arsenal-Manchester City,Manchester City,Rúben Dias,3,POR,CB,26-147,90,91,90,1,0,0,0,1,1,0,0,0,0,78,0,2,59cd18ae
2545,ENG-Premier League,2324,2023-10-21 Manchester City-Brighton,Manchester City,Bernardo Silva,20,POR,"CM,DM",29-072,90,55,52,2,0,0,0,2,2,0,0,0,0,46,1,1,b782a834
2546,ENG-Premier League,2324,2023-10-21 Manchester City-Brighton,Manchester City,Erling Haaland,9,NOR,FW,23-092,90,12,12,0,0,0,0,1,0,0,0,0,0,11,0,1,b782a834
2547,ENG-Premier League,2324,2023-10-21 Manchester City-Brighton,Manchester City,Jack Grealish,10,ENG,LW,28-041,16,8,8,0,0,0,0,0,0,0,0,0,0,7,0,1,b782a834
2548,ENG-Premier League,2324,2023-10-21 Manchester City-Brighton,Manchester City,Jeremy Doku,11,BEL,LW,21-147,74,39,39,0,0,0,1,2,0,0,0,0,0,31,0,0,b782a834
2549,ENG-Premier League,2324,2023-10-21 Manchester City-Brighton,Manchester City,John Stones,5,ENG,DM,29-146,74,45,44,1,1,0,0,1,0,0,0,0,0,44,0,0,b782a834
2550,ENG-Premier League,2324,2023-10-21 Manchester City-Brighton,Manchester City,Joško Gvardiol,24,CRO,LB,21-271,90,79,72,7,3,0,0,2,4,0,0,0,0,70,0,3,b782a834
2551,ENG-Premier League,2324,2023-10-21 Manchester City-Brighton,Manchester City,Julián Álvarez,19,ARG,"CM,AM",23-263,89,48,45,3,0,0,0,1,0,1,0,1,0,43,0,2,b782a834
2552,ENG-Premier League,2324,2023-10-21 Manchester City-Brighton,Manchester City,Kyle Walker,2,ENG,RB,33-146,90,69,61,8,2,0,0,0,6,0,0,0,0,62,0,1,b782a834
2553,ENG-Premier League,2324,2023-10-21 Manchester City-Brighton,Manchester City,Manuel Akanji,25,SUI,CB,28-094,89,81,77,4,1,0,0,0,0,0,0,0,0,81,0,0,b782a834
2554,ENG-Premier League,2324,2023-10-21 Manchester City-Brighton,Manchester City,Nathan Aké,6,NED,CB,28-245,1,0,0,0,0,0,0,0,0,0,0,0,0,0,0,0,b782a834
2555,ENG-Premier League,2324,2023-10-21 Manchester City-Brighton,Manchester City,Phil Foden,47,ENG,RW,23-146,90,42,40,1,0,0,0,1,0,1,0,1,0,31,1,1,b782a834
2556,ENG-Premier League,2324,2023-10-21 Manchester City-Brighton,Manchester City,Rodri,16,ESP,DM,27-121,90,89,87,2,1,0,1,0,1,0,0,0,0,83,0,0,b782a834
2557,ENG-Premier League,2324,2023-10-21 Manchester City-Brighton,Manchester City,Rúben Dias,3,POR,CB,26-160,16,11,10,1,1,0,0,0,0,0,0,0,0,11,0,0,b782a834
2558,ENG-Premier League,2324,2023-10-21 Manchester City-Brighton,Manchester City,Stefan Ortega,18,GER,GK,30-349,90,58,55,3,2,0,0,0,0,0,0,0,0,41,0,0,b782a834
2956,ENG-Premier League,2324,2023-10-29 Manchester Utd-Manchester City,Manchester City,Bernardo Silva,20,POR,"DM,RM",29-080,90,62,59,3,2,0,0,3,0,0,0,0,0,54,0,1,f6bfec82
2957,ENG-Premier League,2324,2023-10-29 Manchester Utd-Manchester City,Manchester City,Ederson,31,BRA,GK,30-073,90,42,35,7,3,0,1,0,0,0,0,0,0,34,0,0,f6bfec82
2958,ENG-Premier League,2324,2023-10-29 Manchester Utd-Manchester City,Manchester City,Erling Haaland,9,NOR,FW,23-100,90,10,10,0,0,0,0,0,0,0,0,0,0,7,0,0,f6bfec82
2959,ENG-Premier League,2324,2023-10-29 Manchester Utd-Manchester City,Manchester City,Jack Grealish,10,ENG,LW,28-049,86,36,35,1,0,1,0,1,1,0,0,0,0,31,0,0,f6bfec82
2960,ENG-Premier League,2324,2023-10-29 Manchester Utd-Manchester City,Manchester City,Jeremy Doku,11,BEL,LW,21-155,4,2,2,0,0,0,0,0,0,0,0,0,0,2,0,0,f6bfec82
2961,ENG-Premier League,2324,2023-10-29 Manchester Utd-Manchester City,Manchester City,John Stones,5,ENG,CB,29-154,90,51,49,2,2,0,0,0,0,0,0,0,0,48,0,0,f6bfec82
2962,ENG-Premier League,2324,2023-10-29 Manchester Utd-Manchester City,Manchester City,Joško Gvardiol,24,CRO,LB,21-279,90,73,65,8,1,0,1,2,7,0,0,0,0,64,0,1,f6bfec82
2963,ENG-Premier League,2324,2023-10-29 Manchester Utd-Manchester City,Manchester City,Julián Álvarez,19,ARG,AM,23-271,86,54,42,12,1,1,1,13,0,11,4,4,0,37,0,1,f6bfec82
2964,ENG-Premier League,2324,2023-10-29 Manchester Utd-Manchester City,Manchester City,Kyle Walker,2,ENG,RB,33-154,90,81,77,4,0,0,0,0,4,0,0,0,0,75,0,0,f6bfec82
2965,ENG-Premier League,2324,2023-10-29 Manchester Utd-Manchester City,Manchester City,Mateo Kovačić,8,CRO,"LM,AM",29-176,4,6,5,1,0,0,0,0,0,1,0,0,0,6,0,0,f6bfec82
2966,ENG-Premier League,2324,2023-10-29 Manchester Utd-Manchester City,Manchester City,Phil Foden,47,ENG,RW,23-154,90,52,52,0,0,1,0,0,0,0,0,0,0,45,0,1,f6bfec82
2967,ENG-Premier League,2324,2023-10-29 Manchester Utd-Manchester City,Manchester City,Rodri,16,ESP,"DM,CM",27-129,90,90,89,1,1,0,0,0,0,0,0,0,0,80,0,0,f6bfec82
2968,ENG-Premier League,2324,2023-10-29 Manchester Utd-Manchester City,Manchester City,Rúben Dias,3,POR,CB,26-168,90,80,79,1,0,0,1,0,0,0,0,0,0,74,0,0,f6bfec82
3146,ENG-Premier League,2324,2023-11-04 Manchester City-Bournemouth,Manchester City,Bernardo Silva,20,POR,AM,29-086,84,69,69,0,0,0,0,2,0,0,0,0,0,62,0,1,e75a870b
3147,ENG-Premier League,2324,2023-11-04 Manchester City-Bournemouth,Manchester City,Ederson,31,BRA,GK,30-079,90,49,44,5,2,0,0,0,0,0,0,0,0,45,0,0,e75a870b
3148,ENG-Premier League,2324,2023-11-04 Manchester City-Bournemouth,Manchester City,Erling Haaland,9,NOR,FW,23-106,45,9,9,0,0,0,0,0,0,0,0,0,0,7,0,0,e75a870b
3149,ENG-Premier League,2324,2023-11-04 Manchester City-Bournemouth,Manchester City,Jeremy Doku,11,BEL,WB,21-161,90,40,40,0,0,0,0,3,0,0,0,0,0,36,0,1,e75a870b
3150,ENG-Premier League,2324,2023-11-04 Manchester City-Bournemouth,Manchester City,John Stones,5,ENG,CB,29-160,70,54,53,1,1,0,0,0,0,0,0,0,0,54,0,0,e75a870b
3151,ENG-Premier League,2324,2023-11-04 Manchester City-Bournemouth,Manchester City,Julián Álvarez,19,ARG,"AM,FW",23-277,70,54,43,11,0,2,0,5,0,11,0,1,0,45,0,1,e75a870b
3152,ENG-Premier League,2324,2023-11-04 Manchester City-Bournemouth,Manchester City,Kalvin Phillips,4,ENG,CM,27-337,20,18,17,1,1,0,0,0,0,0,0,0,0,16,0,0,e75a870b
3153,ENG-Premier League,2324,2023-11-04 Manchester City-Bournemouth,Manchester City,Kyle Walker,2,ENG,"WB,CB",33-160,90,85,80,5,2,0,0,5,3,0,0,0,0,73,0,1,e75a870b
3154,ENG-Premier League,2324,2023-11-04 Manchester City-Bournemouth,Manchester City,Manuel Akanji,25,SUI,CB,28-108,90,81,80,1,0,0,0,0,1,0,0,0,0,73,0,0,e75a870b
3155,ENG-Premier League,2324,2023-11-04 Manchester City-Bournemouth,Manchester City,Mateo Kovačić,8,CRO,CM,29-182,90,60,59,1,0,0,0,0,0,0,0,0,0,57,0,0,e75a870b
3156,ENG-Premier League,2324,2023-11-04 Manchester City-Bournemouth,Manchester City,Matheus Nunes,27,POR,AM,25-069,20,14,13,1,0,0,0,0,0,1,0,0,0,14,0,0,e75a870b
3157,ENG-Premier League,2324,2023-11-04 Manchester City-Bournemouth,Manchester City,Nathan Aké,6,NED,CB,28-259,90,72,68,4,1,0,0,1,3,0,0,0,0,67,0,2,e75a870b
3158,ENG-Premier League,2324,2023-11-04 Manchester City-Bournemouth,Manchester City,Oscar Bobb,52,NOR,AM,20-115,6,7,7,0,0,1,0,1,0,0,0,0,0,6,0,0,e75a870b
3159,ENG-Premier League,2324,2023-11-04 Manchester City-Bournemouth,Manchester City,Phil Foden,47,ENG,"FW,AM",23-160,45,31,30,1,0,0,0,1,0,0,0,0,0,30,0,0,e75a870b
3160,ENG-Premier League,2324,2023-11-04 Manchester City-Bournemouth,Manchester City,Rico Lewis,82,ENG,"CB,WB",18-348,20,16,15,1,0,0,0,0,1,0,0,0,0,14,0,0,e75a870b
3161,ENG-Premier League,2324,2023-11-04 Manchester City-Bournemouth,Manchester City,Rodri,16,ESP,CM,27-135,70,99,95,4,4,0,0,0,0,0,0,0,0,94,0,0,e75a870b
3528,ENG-Premier League,2324,2023-11-12 Chelsea-Manchester City,Manchester City,Bernardo Silva,20,POR,CM,29-094,90,57,51,6,1,0,0,6,0,0,0,0,0,48,0,2,53bb8f30
3529,ENG-Premier League,2324,2023-11-12 Chelsea-Manchester City,Manchester City,Ederson,31,BRA,GK,30-087,90,43,39,4,1,0,1,0,0,0,0,0,0,40,0,0,53bb8f30
3530,ENG-Premier League,2324,2023-11-12 Chelsea-Manchester City,Manchester City,Erling Haaland,9,NOR,FW,23-114,90,12,11,1,1,0,0,1,0,0,0,0,0,10,0,0,53bb8f30
3531,ENG-Premier League,2324,2023-11-12 Chelsea-Manchester City,Manchester City,Jack Grealish,10,ENG,LW,28-063,32,18,18,0,0,0,0,0,0,0,0,0,0,15,0,0,53bb8f30
3532,ENG-Premier League,2324,2023-11-12 Chelsea-Manchester City,Manchester City,Jeremy Doku,11,BEL,LW,21-169,58,15,15,0,0,0,0,1,0,0,0,0,0,10,0,1,53bb8f30
3533,ENG-Premier League,2324,2023-11-12 Chelsea-Manchester City,Manchester City,Joško Gvardiol,24,CRO,LB,21-293,90,63,53,10,1,0,1,0,9,0,0,0,0,60,0,0,53bb8f30
3534,ENG-Premier League,2324,2023-11-12 Chelsea-Manchester City,Manchester City,Julián Álvarez,19,ARG,CM,23-285,78,42,38,4,1,0,0,7,0,3,0,2,0,33,0,1,53bb8f30
3535,ENG-Premier League,2324,2023-11-12 Chelsea-Manchester City,Manchester City,Kyle Walker,2,ENG,RB,33-168,90,55,46,9,1,0,1,1,8,0,0,0,0,44,0,3,53bb8f30
3536,ENG-Premier League,2324,2023-11-12 Chelsea-Manchester City,Manchester City,Manuel Akanji,25,SUI,DM,28-116,90,61,59,2,2,0,0,0,0,0,0,0,0,57,0,0,53bb8f30
3537,ENG-Premier League,2324,2023-11-12 Chelsea-Manchester City,Manchester City,Mateo Kovačić,8,CRO,CM,29-190,12,11,11,0,0,0,0,0,0,0,0,0,0,11,0,0,53bb8f30
3538,ENG-Premier League,2324,2023-11-12 Chelsea-Manchester City,Manchester City,Phil Foden,47,ENG,RW,23-168,90,36,36,0,0,0,0,1,0,0,0,0,0,33,0,3,53bb8f30
3539,ENG-Premier League,2324,2023-11-12 Chelsea-Manchester City,Manchester City,Rodri,16,ESP,DM,27-143,90,76,72,4,3,0,1,0,1,0,0,0,0,67,0,1,53bb8f30
3540,ENG-Premier League,2324,2023-11-12 Chelsea-Manchester City,Manchester City,Rúben Dias,3,POR,CB,26-182,90,84,83,1,1,0,0,1,0,0,0,0,0,76,0,1,53bb8f30
3704,ENG-Premier League,2324,2023-11-25 Manchester City-Liverpool,Manchester City,Bernardo Silva,20,POR,CM,29-107,90,70,65,4,1,0,0,3,1,0,0,0,0,59,1,1,5d4a5006
3705,ENG-Premier League,2324,2023-11-25 Manchester City-Liverpool,Manchester City,Ederson,31,BRA,GK,30-100,90,44,40,4,2,0,0,0,0,0,0,0,0,40,0,0,5d4a5006
3706,ENG-Premier League,2324,2023-11-25 Manchester City-Liverpool,Manchester City,Erling Haaland,9,NOR,FW,23-127,90,10,10,0,0,0,0,1,0,0,0,0,0,7,0,2,5d4a5006
3707,ENG-Premier League,2324,2023-11-25 Manchester City-Liverpool,Manchester City,Jeremy Doku,11,BEL,LW,21-182,90,50,50,0,0,0,0,3,0,0,0,0,0,43,0,0,5d4a5006
3708,ENG-Premier League,2324,2023-11-25 Manchester City-Liverpool,Manchester City,Julián Álvarez,19,ARG,CM,23-298,90,44,33,11,2,1,0,11,0,9,4,2,1,32,0,1,5d4a5006
3709,ENG-Premier League,2324,2023-11-25 Manchester City-Liverpool,Manchester City,Kyle Walker,2,ENG,RB,33-181,90,58,54,4,2,0,1,0,2,0,0,0,0,53,0,0,5d4a5006
3710,ENG-Premier League,2324,2023-11-25 Manchester City-Liverpool,Manchester City,Manuel Akanji,25,SUI,DM,28-129,90,84,83,0,0,0,0,0,0,0,0,0,0,75,1,1,5d4a5006
3711,ENG-Premier League,2324,2023-11-25 Manchester City-Liverpool,Manchester City,Nathan Aké,6,NED,LB,28-280,90,67,60,7,1,0,0,0,5,0,0,0,0,59,0,1,5d4a5006
3712,ENG-Premier League,2324,2023-11-25 Manchester City-Liverpool,Manchester City,Phil Foden,47,ENG,RW,23-181,90,36,35,0,0,0,0,2,0,0,0,0,0,27,1,1,5d4a5006
3713,ENG-Premier League,2324,2023-11-25 Manchester City-Liverpool,Manchester City,Rodri,16,ESP,DM,27-156,90,102,100,2,2,0,1,1,0,0,0,0,0,97,0,2,5d4a5006
3714,ENG-Premier League,2324,2023-11-25 Manchester City-Liverpool,Manchester City,Rúben Dias,3,POR,CB,26-195,90,85,82,3,3,0,0,0,0,0,0,0,0,81,0,0,5d4a5006
4136,ENG-Premier League,2324,2023-12-03 Manchester City-Tottenham,Manchester City,Bernardo Silva,20,POR,CM,29-115,90,72,58,13,5,0,1,6,3,3,0,0,0,52,1,4,0e39f016
4137,ENG-Premier League,2324,2023-12-03 Manchester City-Tottenham,Manchester City,Ederson,31,BRA,GK,30-108,90,45,40,5,2,0,0,0,0,0,0,0,0,40,0,0,0e39f016
4138,ENG-Premier League,2324,2023-12-03 Manchester City-Tottenham,Manchester City,Erling Haaland,9,NOR,FW,23-135,90,15,13,2,0,0,0,0,0,0,0,0,0,12,0,0,0e39f016
4139,ENG-Premier League,2324,2023-12-03 Manchester City-Tottenham,Manchester City,Jack Grealish,10,ENG,LW,28-084,39,14,14,0,0,0,0,2,0,0,0,0,0,11,0,3,0e39f016
4140,ENG-Premier League,2324,2023-12-03 Manchester City-Tottenham,Manchester City,Jeremy Doku,11,BEL,LW,21-190,51,31,31,0,0,1,0,0,0,0,0,0,0,26,0,1,0e39f016
4141,ENG-Premier League,2324,2023-12-03 Manchester City-Tottenham,Manchester City,Joško Gvardiol,24,CRO,LB,21-314,86,66,55,11,3,0,1,4,8,0,0,0,0,56,0,0,0e39f016
4142,ENG-Premier League,2324,2023-12-03 Manchester City-Tottenham,Manchester City,Julián Álvarez,19,ARG,CM,23-306,86,42,33,9,2,1,0,8,0,7,5,1,0,29,0,3,0e39f016
4143,ENG-Premier League,2324,2023-12-03 Manchester City-Tottenham,Manchester City,Kyle Walker,2,ENG,RB,33-189,90,76,70,6,0,1,2,0,6,0,0,0,0,72,0,0,0e39f016
4144,ENG-Premier League,2324,2023-12-03 Manchester City-Tottenham,Manchester City,Manuel Akanji,25,SUI,DM,28-137,90,59,58,1,1,0,2,0,0,0,0,0,0,52,0,0,0e39f016
4145,ENG-Premier League,2324,2023-12-03 Manchester City-Tottenham,Manchester City,Mateo Kovačić,8,CRO,CM,29-211,4,3,3,0,0,0,0,0,0,0,0,0,0,1,0,0,0e39f016
4146,ENG-Premier League,2324,2023-12-03 Manchester City-Tottenham,Manchester City,Nathan Aké,6,NED,LB,28-288,4,5,5,0,0,0,0,0,0,0,0,0,0,5,0,0,0e39f016
4147,ENG-Premier League,2324,2023-12-03 Manchester City-Tottenham,Manchester City,Phil Foden,47,ENG,RW,23-189,72,39,39,0,0,1,1,2,0,0,0,0,0,30,0,5,0e39f016
4148,ENG-Premier League,2324,2023-12-03 Manchester City-Tottenham,Manchester City,Rico Lewis,82,ENG,RW,19-012,18,11,11,0,0,0,0,0,0,0,0,0,0,10,0,0,0e39f016
4149,ENG-Premier League,2324,2023-12-03 Manchester City-Tottenham,Manchester City,Rodri,16,ESP,DM,27-164,90,76,75,0,0,1,1,1,0,0,0,0,0,69,1,0,0e39f016
4150,ENG-Premier League,2324,2023-12-03 Manchester City-Tottenham,Manchester City,Rúben Dias,3,POR,CB,26-203,90,65,61,4,3,0,0,0,1,0,0,0,0,62,0,0,0e39f016
4264,ENG-Premier League,2324,2023-12-06 Aston Villa-Manchester City,Manchester City,Bernardo Silva,20,POR,RW,29-118,90,48,41,6,4,0,0,2,1,0,0,0,0,40,1,2,0ad90506
4265,ENG-Premier League,2324,2023-12-06 Aston Villa-Manchester City,Manchester City,Ederson,31,BRA,GK,30-111,90,41,31,10,2,0,0,0,0,0,0,0,0,36,0,0,0ad90506
4266,ENG-Premier League,2324,2023-12-06 Aston Villa-Manchester City,Manchester City,Erling Haaland,9,NOR,FW,23-138,90,10,9,0,0,0,0,0,0,0,0,0,0,7,1,0,0ad90506
4267,ENG-Premier League,2324,2023-12-06 Aston Villa-Manchester City,Manchester City,John Stones,5,ENG,DM,29-192,90,39,39,0,0,0,1,0,0,0,0,0,0,35,0,0,0ad90506
4268,ENG-Premier League,2324,2023-12-06 Aston Villa-Manchester City,Manchester City,Joško Gvardiol,24,CRO,LB,21-317,90,62,59,3,0,0,0,0,3,0,0,0,0,53,0,3,0ad90506
4269,ENG-Premier League,2324,2023-12-06 Aston Villa-Manchester City,Manchester City,Julián Álvarez,19,ARG,CM,23-309,67,26,25,1,0,0,0,0,0,0,0,0,0,20,0,1,0ad90506
4270,ENG-Premier League,2324,2023-12-06 Aston Villa-Manchester City,Manchester City,Kyle Walker,2,ENG,RB,33-192,90,74,65,9,2,0,0,1,7,0,0,0,0,63,0,2,0ad90506
4271,ENG-Premier League,2324,2023-12-06 Aston Villa-Manchester City,Manchester City,Manuel Akanji,25,SUI,DM,28-140,90,65,63,1,1,1,0,0,0,0,0,0,0,56,1,1,0ad90506
4272,ENG-Premier League,2324,2023-12-06 Aston Villa-Manchester City,Manchester City,Mateo Kovačić,8,CRO,CM,29-214,23,16,14,1,1,0,0,0,0,0,0,0,0,14,1,1,0ad90506
4273,ENG-Premier League,2324,2023-12-06 Aston Villa-Manchester City,Manchester City,Matheus Nunes,27,POR,CM,25-101,23,15,14,1,1,0,0,1,0,0,0,0,0,11,0,1,0ad90506
4274,ENG-Premier League,2324,2023-12-06 Aston Villa-Manchester City,Manchester City,Oscar Bobb,52,NOR,LW,20-147,18,6,6,0,0,0,0,0,0,0,0,0,0,5,0,1,0ad90506
4275,ENG-Premier League,2324,2023-12-06 Aston Villa-Manchester City,Manchester City,Phil Foden,47,ENG,LW,23-192,72,27,27,0,0,2,0,2,0,0,0,0,0,19,0,1,0ad90506
4276,ENG-Premier League,2324,2023-12-06 Aston Villa-Manchester City,Manchester City,Rico Lewis,82,ENG,CM,19-015,67,19,18,1,0,0,0,0,1,0,0,0,0,16,0,0,0ad90506
4277,ENG-Premier League,2324,2023-12-06 Aston Villa-Manchester City,Manchester City,Rúben Dias,3,POR,CB,26-206,90,100,97,2,2,0,0,1,0,0,0,0,0,94,1,0,0ad90506
4741,ENG-Premier League,2324,2023-12-10 Luton Town-Manchester City,Manchester City,Bernardo Silva,20,POR,"RW,CM",29-122,90,48,45,3,1,0,0,1,2,0,0,0,0,42,0,0,f6155857
4742,ENG-Premier League,2324,2023-12-10 Luton Town-Manchester City,Manchester City,Ederson,31,BRA,GK,30-115,90,29,26,3,0,0,0,0,0,0,0,0,0,26,0,0,f6155857
4743,ENG-Premier League,2324,2023-12-10 Luton Town-Manchester City,Manchester City,Jack Grealish,10,ENG,"LW,LM",28-091,90,42,41,1,0,1,0,0,1,0,0,0,0,36,0,3,f6155857
4744,ENG-Premier League,2324,2023-12-10 Luton Town-Manchester City,Manchester City,John Stones,5,ENG,CB,29-196,22,3,3,0,0,0,0,0,0,0,0,0,0,3,0,0,f6155857
4745,ENG-Premier League,2324,2023-12-10 Luton Town-Manchester City,Manchester City,Joško Gvardiol,24,CRO,LB,21-321,68,53,43,10,1,0,0,1,9,0,0,0,0,38,0,2,f6155857
4746,ENG-Premier League,2324,2023-12-10 Luton Town-Manchester City,Manchester City,Julián Álvarez,19,ARG,FW,23-313,90,32,24,7,2,0,0,1,1,3,0,0,1,24,1,2,f6155857
4747,ENG-Premier League,2324,2023-12-10 Luton Town-Manchester City,Manchester City,Kyle Walker,2,ENG,RB,33-196,90,56,44,12,1,0,0,3,11,0,0,0,0,43,0,2,f6155857
4748,ENG-Premier League,2324,2023-12-10 Luton Town-Manchester City,Manchester City,Manuel Akanji,25,SUI,CB,28-144,1,0,0,0,0,0,0,0,0,0,0,0,0,0,0,0,f6155857
4749,ENG-Premier League,2324,2023-12-10 Luton Town-Manchester City,Manchester City,Mateo Kovačić,8,CRO,DM,29-218,82,84,80,4,2,0,0,0,1,0,0,0,0,80,0,0,f6155857
4750,ENG-Premier League,2324,2023-12-10 Luton Town-Manchester City,Manchester City,Matheus Nunes,27,POR,"DM,RM",25-105,8,2,2,0,0,0,0,0,0,0,0,0,0,1,0,0,f6155857
4751,ENG-Premier League,2324,2023-12-10 Luton Town-Manchester City,Manchester City,Nathan Aké,6,NED,"CB,LB",28-295,90,57,52,5,0,0,0,1,4,0,0,0,0,48,0,0,f6155857
4752,ENG-Premier League,2324,2023-12-10 Luton Town-Manchester City,Manchester City,Phil Foden,47,ENG,AM,23-196,89,52,52,0,0,1,0,1,0,0,0,0,0,44,0,1,f6155857
4753,ENG-Premier League,2324,2023-12-10 Luton Town-Manchester City,Manchester City,Rodri,16,ESP,"DM,CM",27-171,90,96,91,5,5,0,1,0,0,0,0,0,0,87,0,0,f6155857
4754,ENG-Premier League,2324,2023-12-10 Luton Town-Manchester City,Manchester City,Rúben Dias,3,POR,CB,26-210,90,82,79,3,3,0,0,0,0,0,0,0,0,70,0,2,f6155857
4889,ENG-Premier League,2324,2023-12-16 Manchester City-Crystal Palace,Manchester City,Bernardo Silva,20,POR,RW,29-128,90,78,74,4,2,0,0,6,2,0,0,0,0,65,0,3,30f3e1ee
4890,ENG-Premier League,2324,2023-12-16 Manchester City-Crystal Palace,Manchester City,Ederson,31,BRA,GK,30-121,90,24,22,2,0,0,0,0,0,0,0,0,0,22,0,0,30f3e1ee
4891,ENG-Premier League,2324,2023-12-16 Manchester City-Crystal Palace,Manchester City,Jack Grealish,10,ENG,LW,28-097,90,65,65,0,0,0,0,0,0,0,0,0,0,57,0,3,30f3e1ee
4892,ENG-Premier League,2324,2023-12-16 Manchester City-Crystal Palace,Manchester City,John Stones,5,ENG,DM,29-202,1,1,1,0,0,0,0,0,0,0,0,0,0,0,0,0,30f3e1ee
4893,ENG-Premier League,2324,2023-12-16 Manchester City-Crystal Palace,Manchester City,Joško Gvardiol,24,CRO,LB,21-327,90,53,47,5,0,0,0,4,5,0,0,0,0,42,1,2,30f3e1ee
4894,ENG-Premier League,2324,2023-12-16 Manchester City-Crystal Palace,Manchester City,Julián Álvarez,19,ARG,FW,23-319,90,34,27,6,0,0,0,5,0,6,4,1,0,30,1,1,30f3e1ee
4895,ENG-Premier League,2324,2023-12-16 Manchester City-Crystal Palace,Manchester City,Kyle Walker,2,ENG,RB,33-202,90,128,118,10,3,1,1,7,7,0,0,0,0,119,0,0,30f3e1ee
4896,ENG-Premier League,2324,2023-12-16 Manchester City-Crystal Palace,Manchester City,Nathan Aké,6,NED,CB,28-301,90,117,115,2,1,0,0,0,1,0,0,0,0,113,0,0,30f3e1ee
4897,ENG-Premier League,2324,2023-12-16 Manchester City-Crystal Palace,Manchester City,Phil Foden,47,ENG,AM,23-202,90,34,30,4,0,1,0,0,1,0,0,0,0,31,0,0,30f3e1ee
4898,ENG-Premier League,2324,2023-12-16 Manchester City-Crystal Palace,Manchester City,Rico Lewis,82,ENG,DM,19-025,89,42,42,0,0,0,0,0,0,0,0,0,0,39,0,1,30f3e1ee
4899,ENG-Premier League,2324,2023-12-16 Manchester City-Crystal Palace,Manchester City,Rodri,16,ESP,DM,27-177,90,106,106,0,0,3,2,0,0,0,0,0,0,90,0,1,30f3e1ee
4900,ENG-Premier League,2324,2023-12-16 Manchester City-Crystal Palace,Manchester City,Rúben Dias,3,POR,CB,26-216,90,184,180,4,3,1,0,2,1,0,0,0,0,175,0,0,30f3e1ee
5546,ENG-Premier League,2324,2023-12-27 Everton-Manchester City,Manchester City,Bernardo Silva,20,POR,RW,29-139,90,79,71,8,0,0,0,6,2,6,3,0,0,60,0,2,b9f69f01
5547,ENG-Premier League,2324,2023-12-27 Everton-Manchester City,Manchester City,Ederson,31,BRA,GK,30-132,90,57,54,3,2,0,0,0,0,0,0,0,0,53,0,0,b9f69f01
5548,ENG-Premier League,2324,2023-12-27 Everton-Manchester City,Manchester City,Jack Grealish,10,ENG,LW,28-108,90,42,40,2,1,0,0,0,1,0,0,0,0,35,0,2,b9f69f01
5549,ENG-Premier League,2324,2023-12-27 Everton-Manchester City,Manchester City,John Stones,5,ENG,CB,29-213,42,41,40,1,0,0,1,0,0,0,0,0,0,38,0,0,b9f69f01
5550,ENG-Premier League,2324,2023-12-27 Everton-Manchester City,Manchester City,Joško Gvardiol,24,CRO,LB,21-338,48,51,48,3,0,0,0,1,3,0,0,0,0,44,0,1,b9f69f01
5551,ENG-Premier League,2324,2023-12-27 Everton-Manchester City,Manchester City,Julián Álvarez,19,ARG,FW,23-330,90,34,29,5,1,0,0,4,0,2,1,0,0,30,0,0,b9f69f01
5552,ENG-Premier League,2324,2023-12-27 Everton-Manchester City,Manchester City,Kyle Walker,2,ENG,RB,33-213,90,111,101,9,1,0,2,2,8,0,0,0,0,98,1,2,b9f69f01
5553,ENG-Premier League,2324,2023-12-27 Everton-Manchester City,Manchester City,Manuel Akanji,25,SUI,CB,28-161,90,88,85,3,1,0,0,0,0,0,0,0,0,84,0,0,b9f69f01
5554,ENG-Premier League,2324,2023-12-27 Everton-Manchester City,Manchester City,Mateo Kovačić,8,CRO,DM,29-235,26,36,35,1,1,0,0,0,0,0,0,0,0,33,0,0,b9f69f01
5555,ENG-Premier League,2324,2023-12-27 Everton-Manchester City,Manchester City,Matheus Nunes,27,POR,DM,25-122,64,32,31,1,1,0,0,3,0,0,0,0,0,22,0,3,b9f69f01
5556,ENG-Premier League,2324,2023-12-27 Everton-Manchester City,Manchester City,Nathan Aké,6,NED,"CB,LB",28-312,90,76,73,3,0,0,0,0,2,0,0,0,0,73,0,0,b9f69f01
5557,ENG-Premier League,2324,2023-12-27 Everton-Manchester City,Manchester City,Phil Foden,47,ENG,AM,23-213,90,51,51,0,0,0,0,1,0,0,0,0,0,48,0,1,b9f69f01
5558,ENG-Premier League,2324,2023-12-27 Everton-Manchester City,Manchester City,Rodri,16,ESP,DM,27-188,90,123,118,5,3,0,2,1,2,0,0,0,0,115,0,1,b9f69f01
5703,ENG-Premier League,2324,2023-12-30 Manchester City-Sheffield Utd,Manchester City,Bernardo Silva,20,POR,RW,29-142,90,76,72,3,0,0,0,2,0,3,0,0,0,70,1,0,aefd7405
5704,ENG-Premier League,2324,2023-12-30 Manchester City-Sheffield Utd,Manchester City,Ederson,31,BRA,GK,30-135,90,24,24,0,0,0,0,0,0,0,0,0,0,24,0,0,aefd7405
5705,ENG-Premier League,2324,2023-12-30 Manchester City-Sheffield Utd,Manchester City,Jack Grealish,10,ENG,LW,28-111,51,31,31,0,0,0,0,3,0,0,0,0,0,20,0,2,aefd7405
5706,ENG-Premier League,2324,2023-12-30 Manchester City-Sheffield Utd,Manchester City,Joško Gvardiol,24,CRO,LB,21-341,90,92,89,3,0,0,0,2,3,0,0,0,0,86,0,1,aefd7405
5707,ENG-Premier League,2324,2023-12-30 Manchester City-Sheffield Utd,Manchester City,Julián Álvarez,19,ARG,FW,23-333,90,45,35,10,0,0,0,4,0,9,2,1,0,40,0,0,aefd7405
5708,ENG-Premier League,2324,2023-12-30 Manchester City-Sheffield Utd,Manchester City,Kyle Walker,2,ENG,RB,33-216,67,66,61,5,1,1,0,0,4,0,0,0,0,61,0,1,aefd7405
5709,ENG-Premier League,2324,2023-12-30 Manchester City-Sheffield Utd,Manchester City,Manuel Akanji,25,SUI,"CB,DM",28-164,90,139,137,2,1,0,4,0,1,0,0,0,0,132,0,2,aefd7405
5710,ENG-Premier League,2324,2023-12-30 Manchester City-Sheffield Utd,Manchester City,Mateo Kovačić,8,CRO,DM,29-238,67,99,99,0,0,0,0,0,0,0,0,0,0,93,0,0,aefd7405
5711,ENG-Premier League,2324,2023-12-30 Manchester City-Sheffield Utd,Manchester City,Nathan Aké,6,NED,CB,28-315,90,110,107,3,3,0,0,0,0,0,0,0,0,108,0,0,aefd7405
5712,ENG-Premier League,2324,2023-12-30 Manchester City-Sheffield Utd,Manchester City,Oscar Bobb,52,NOR,LW,20-171,39,29,29,0,0,1,0,1,0,0,0,0,0,26,0,0,aefd7405
5713,ENG-Premier League,2324,2023-12-30 Manchester City-Sheffield Utd,Manchester City,Phil Foden,47,ENG,AM,23-216,90,87,87,0,0,1,2,2,0,0,0,0,0,84,0,0,aefd7405
5714,ENG-Premier League,2324,2023-12-30 Manchester City-Sheffield Utd,Manchester City,Rico Lewis,82,ENG,RB,19-039,23,19,19,0,0,0,0,0,0,0,0,0,0,19,0,0,aefd7405
5715,ENG-Premier League,2324,2023-12-30 Manchester City-Sheffield Utd,Manchester City,Rodri,16,ESP,DM,27-191,90,169,168,1,1,1,3,0,0,0,0,0,0,157,0,0,aefd7405
5716,ENG-Premier League,2324,2023-12-30 Manchester City-Sheffield Utd,Manchester City,Rúben Dias,3,POR,CB,26-230,23,42,41,1,1,0,0,0,0,0,0,0,0,39,0,0,aefd7405
5969,ENG-Premier League,2324,2024-01-13 Newcastle Utd-Manchester City,Manchester City,Bernardo Silva,20,POR,AM,29-156,68,90,88,2,2,0,2,1,0,0,0,0,0,81,0,2,738f8c3e
5970,ENG-Premier League,2324,2024-01-13 Newcastle Utd-Manchester City,Manchester City,Ederson,31,BRA,GK,30-149,7,4,4,0,0,0,0,0,0,0,0,0,0,3,0,0,738f8c3e
5971,ENG-Premier League,2324,2024-01-13 Newcastle Utd-Manchester City,Manchester City,Jeremy Doku,11,BEL,LW,21-231,81,29,29,0,0,0,0,1,0,0,0,0,0,21,0,2,738f8c3e
5972,ENG-Premier League,2324,2024-01-13 Newcastle Utd-Manchester City,Manchester City,Joško Gvardiol,24,CRO,LB,21-355,90,55,47,8,2,0,0,0,6,0,0,0,0,49,0,2,738f8c3e
5973,ENG-Premier League,2324,2024-01-13 Newcastle Utd-Manchester City,Manchester City,Julián Álvarez,19,ARG,FW,23-347,90,40,27,13,0,0,0,5,0,10,3,1,0,34,0,0,738f8c3e
5974,ENG-Premier League,2324,2024-01-13 Newcastle Utd-Manchester City,Manchester City,Kevin De Bruyne,17,BEL,AM,32-199,22,32,28,4,0,1,0,9,1,3,0,2,0,19,0,2,738f8c3e
5975,ENG-Premier League,2324,2024-01-13 Newcastle Utd-Manchester City,Manchester City,Kyle Walker,2,ENG,RB,33-230,90,73,67,6,1,0,2,3,5,0,0,0,0,67,0,0,738f8c3e
5976,ENG-Premier League,2324,2024-01-13 Newcastle Utd-Manchester City,Manchester City,Mateo Kovačić,8,CRO,DM,29-252,90,91,90,1,1,0,0,0,0,0,0,0,0,88,0,0,738f8c3e
5977,ENG-Premier League,2324,2024-01-13 Newcastle Utd-Manchester City,Manchester City,Nathan Aké,6,NED,CB,28-329,90,54,51,3,3,0,0,0,0,0,0,0,0,48,0,1,738f8c3e
5978,ENG-Premier League,2324,2024-01-13 Newcastle Utd-Manchester City,Manchester City,Oscar Bobb,52,NOR,LW,20-185,9,6,5,1,1,0,0,0,0,0,0,0,0,5,0,1,738f8c3e
5979,ENG-Premier League,2324,2024-01-13 Newcastle Utd-Manchester City,Manchester City,Phil Foden,47,ENG,RW,23-230,90,57,57,0,0,0,0,0,0,0,0,0,0,53,0,1,738f8c3e
5980,ENG-Premier League,2324,2024-01-13 Newcastle Utd-Manchester City,Manchester City,Rodri,16,ESP,DM,27-205,90,146,142,4,3,0,2,1,1,0,0,0,0,135,0,0,738f8c3e
5981,ENG-Premier League,2324,2024-01-13 Newcastle Utd-Manchester City,Manchester City,Rúben Dias,3,POR,CB,26-244,90,81,75,5,0,0,1,0,2,0,0,0,0,74,1,1,738f8c3e
5982,ENG-Premier League,2324,2024-01-13 Newcastle Utd-Manchester City,Manchester City,Stefan Ortega,18,GER,GK,31-068,83,28,27,1,0,0,0,0,0,0,0,0,0,20,0,1,738f8c3e
6399,ENG-Premier League,2324,2024-01-31 Manchester City-Burnley,Manchester City,Ederson,31,BRA,GK,30-167,90,38,37,1,0,0,0,0,0,0,0,0,0,36,0,0,d10aaae8
6400,ENG-Premier League,2324,2024-01-31 Manchester City-Burnley,Manchester City,Erling Haaland,9,NOR,FW,23-194,20,4,3,1,0,0,0,0,0,0,0,0,0,3,0,1,d10aaae8
6401,ENG-Premier League,2324,2024-01-31 Manchester City-Burnley,Manchester City,Jack Grealish,10,ENG,"LW,AM",28-143,14,6,6,0,0,0,0,0,0,0,0,0,0,5,0,0,d10aaae8
6402,ENG-Premier League,2324,2024-01-31 Manchester City-Burnley,Manchester City,Jeremy Doku,11,BEL,"LW,RW",21-249,90,50,46,4,0,0,0,3,3,1,0,0,0,41,0,1,d10aaae8
6403,ENG-Premier League,2324,2024-01-31 Manchester City-Burnley,Manchester City,John Stones,5,ENG,CB,29-248,90,107,104,3,1,0,2,0,1,0,0,0,0,98,0,2,d10aaae8
6404,ENG-Premier League,2324,2024-01-31 Manchester City-Burnley,Manchester City,Joško Gvardiol,24,CRO,LB,22-008,90,110,102,7,2,1,0,0,5,0,0,0,0,104,1,0,d10aaae8
6405,ENG-Premier League,2324,2024-01-31 Manchester City-Burnley,Manchester City,Julián Álvarez,19,ARG,"FW,AM",24-000,86,18,15,3,0,0,0,3,0,2,2,0,0,12,0,0,d10aaae8
6406,ENG-Premier League,2324,2024-01-31 Manchester City-Burnley,Manchester City,Kevin De Bruyne,17,BEL,AM,32-217,70,60,53,5,2,2,0,1,0,3,0,1,0,50,2,1,d10aaae8
6407,ENG-Premier League,2324,2024-01-31 Manchester City-Burnley,Manchester City,Mateo Kovačić,8,CRO,DM,29-270,4,16,16,0,0,0,0,0,0,0,0,0,0,16,0,0,d10aaae8
6408,ENG-Premier League,2324,2024-01-31 Manchester City-Burnley,Manchester City,Matheus Nunes,27,POR,DM,25-157,90,62,62,0,0,0,0,2,0,0,0,0,0,54,0,1,d10aaae8
6409,ENG-Premier League,2324,2024-01-31 Manchester City-Burnley,Manchester City,Nathan Aké,6,NED,CB,28-347,90,111,105,6,3,0,0,0,1,0,0,0,0,105,0,0,d10aaae8
6410,ENG-Premier League,2324,2024-01-31 Manchester City-Burnley,Manchester City,Phil Foden,47,ENG,RW,23-248,76,52,52,0,0,0,0,1,0,0,0,0,0,43,0,2,d10aaae8
6411,ENG-Premier League,2324,2024-01-31 Manchester City-Burnley,Manchester City,Rico Lewis,82,ENG,RB,19-071,90,80,70,10,2,0,0,0,8,0,0,0,0,71,0,2,d10aaae8
6412,ENG-Premier League,2324,2024-01-31 Manchester City-Burnley,Manchester City,Rodri,16,ESP,DM,27-223,86,113,109,4,4,0,1,0,0,0,0,0,0,98,0,1,d10aaae8
6413,ENG-Premier League,2324,2024-01-31 Manchester City-Burnley,Manchester City,Sergio Gómez,21,ESP,LW,23-149,4,4,3,1,0,0,0,1,0,1,1,0,0,3,0,0,d10aaae8
6794,ENG-Premier League,2324,2024-02-05 Brentford-Manchester City,Manchester City,Bernardo Silva,20,POR,RM,29-179,70,35,34,1,0,0,0,0,1,0,0,0,0,31,0,2,2b3630b6
6795,ENG-Premier League,2324,2024-02-05 Brentford-Manchester City,Manchester City,Ederson,31,BRA,GK,30-172,90,26,22,4,1,0,1,0,0,0,0,0,0,19,0,0,2b3630b6
6796,ENG-Premier League,2324,2024-02-05 Brentford-Manchester City,Manchester City,Erling Haaland,9,NOR,FW,23-199,85,17,17,0,0,0,0,0,0,0,0,0,0,12,0,0,2b3630b6
6797,ENG-Premier League,2324,2024-02-05 Brentford-Manchester City,Manchester City,Jeremy Doku,11,BEL,RM,21-254,20,11,11,0,0,0,0,1,0,0,0,0,0,10,0,0,2b3630b6
6798,ENG-Premier League,2324,2024-02-05 Brentford-Manchester City,Manchester City,Joško Gvardiol,24,CRO,LB,22-013,90,78,73,5,0,0,0,1,5,0,0,0,0,64,0,0,2b3630b6
6799,ENG-Premier League,2324,2024-02-05 Brentford-Manchester City,Manchester City,Julián Álvarez,19,ARG,"CM,FW",24-005,90,51,49,2,0,0,0,0,0,0,0,0,0,46,0,0,2b3630b6
6800,ENG-Premier League,2324,2024-02-05 Brentford-Manchester City,Manchester City,Kevin De Bruyne,17,BEL,CM,32-222,90,106,89,17,0,1,0,22,4,13,3,5,3,79,0,4,2b3630b6
6801,ENG-Premier League,2324,2024-02-05 Brentford-Manchester City,Manchester City,Kyle Walker,2,ENG,RB,33-253,90,97,86,11,1,1,0,3,10,0,0,0,0,81,0,1,2b3630b6
6802,ENG-Premier League,2324,2024-02-05 Brentford-Manchester City,Manchester City,Mateo Kovačić,8,CRO,CM,29-275,5,27,27,0,0,0,0,0,0,0,0,0,0,26,0,0,2b3630b6
6803,ENG-Premier League,2324,2024-02-05 Brentford-Manchester City,Manchester City,Nathan Aké,6,NED,CB,28-352,90,84,83,1,1,0,0,0,0,0,0,0,0,81,0,0,2b3630b6
6804,ENG-Premier League,2324,2024-02-05 Brentford-Manchester City,Manchester City,Phil Foden,47,ENG,LM,23-253,90,83,83,0,0,0,0,1,0,0,0,0,0,78,0,1,2b3630b6
6805,ENG-Premier League,2324,2024-02-05 Brentford-Manchester City,Manchester City,Rodri,16,ESP,DM,27-228,90,110,110,0,0,1,0,0,0,0,0,0,0,105,0,1,2b3630b6
6806,ENG-Premier League,2324,2024-02-05 Brentford-Manchester City,Manchester City,Rúben Dias,3,POR,CB,26-267,90,77,76,1,1,0,0,0,0,0,0,0,0,75,0,0,2b3630b6
6915,ENG-Premier League,2324,2024-02-10 Manchester City-Everton,Manchester City,Bernardo Silva,20,POR,CM,29-184,14,17,17,0,0,0,0,0,0,0,0,0,0,16,0,0,00ea7906
6916,ENG-Premier League,2324,2024-02-10 Manchester City-Everton,Manchester City,Ederson,31,BRA,GK,30-177,90,52,47,5,1,0,2,0,0,0,0,0,0,52,0,0,00ea7906
6917,ENG-Premier League,2324,2024-02-10 Manchester City-Everton,Manchester City,Erling Haaland,9,NOR,FW,23-204,90,13,13,0,0,0,0,1,0,0,0,0,0,12,0,0,00ea7906
6918,ENG-Premier League,2324,2024-02-10 Manchester City-Everton,Manchester City,Jack Grealish,10,ENG,LM,28-153,4,17,17,0,0,0,0,0,0,0,0,0,0,17,0,0,00ea7906
6919,ENG-Premier League,2324,2024-02-10 Manchester City-Everton,Manchester City,Jeremy Doku,11,BEL,LM,21-259,86,61,61,0,0,0,1,6,0,0,0,0,0,47,0,2,00ea7906
6920,ENG-Premier League,2324,2024-02-10 Manchester City-Everton,Manchester City,John Stones,5,ENG,"RB,CB",29-258,90,96,93,3,1,0,2,2,2,0,0,0,0,92,0,0,00ea7906
6921,ENG-Premier League,2324,2024-02-10 Manchester City-Everton,Manchester City,Julián Álvarez,19,ARG,CM,24-010,76,33,24,9,1,0,0,7,0,7,1,5,0,25,0,1,00ea7906
6922,ENG-Premier League,2324,2024-02-10 Manchester City-Everton,Manchester City,Kevin De Bruyne,17,BEL,CM,32-227,34,29,25,4,1,0,0,4,1,2,0,1,1,21,0,0,00ea7906
6923,ENG-Premier League,2324,2024-02-10 Manchester City-Everton,Manchester City,Kyle Walker,2,ENG,RB,33-258,34,40,38,2,1,0,1,2,1,0,0,0,0,33,0,1,00ea7906
6924,ENG-Premier League,2324,2024-02-10 Manchester City-Everton,Manchester City,Manuel Akanji,25,SUI,"CB,LB",28-206,56,58,58,0,0,0,0,0,0,0,0,0,0,52,0,1,00ea7906
6925,ENG-Premier League,2324,2024-02-10 Manchester City-Everton,Manchester City,Matheus Nunes,27,POR,CM,25-167,56,35,33,2,0,0,1,3,2,0,0,0,0,26,0,2,00ea7906
6926,ENG-Premier League,2324,2024-02-10 Manchester City-Everton,Manchester City,Nathan Aké,6,NED,"LB,CB",28-357,90,121,104,16,1,0,1,2,15,0,0,0,0,109,1,0,00ea7906
6927,ENG-Premier League,2324,2024-02-10 Manchester City-Everton,Manchester City,Phil Foden,47,ENG,RM,23-258,90,62,60,2,1,0,1,2,1,0,0,0,0,55,0,0,00ea7906
6928,ENG-Premier League,2324,2024-02-10 Manchester City-Everton,Manchester City,Rodri,16,ESP,DM,27-233,90,98,95,3,3,1,1,0,0,0,0,0,0,88,0,0,00ea7906
6929,ENG-Premier League,2324,2024-02-10 Manchester City-Everton,Manchester City,Rúben Dias,3,POR,CB,26-272,90,97,94,3,3,0,1,0,0,0,0,0,0,95,0,0,00ea7906
7216,ENG-Premier League,2324,2024-02-17 Manchester City-Chelsea,Manchester City,Bernardo Silva,20,POR,CM,29-191,27,21,20,1,0,0,1,4,0,1,1,0,0,16,0,1,78fb7fc2
7217,ENG-Premier League,2324,2024-02-17 Manchester City-Chelsea,Manchester City,Ederson,31,BRA,GK,30-184,90,40,38,2,0,0,2,0,0,0,0,0,0,36,0,1,78fb7fc2
7218,ENG-Premier League,2324,2024-02-17 Manchester City-Chelsea,Manchester City,Erling Haaland,9,NOR,FW,23-211,90,12,11,1,0,0,0,0,0,0,0,0,0,9,0,0,78fb7fc2
7219,ENG-Premier League,2324,2024-02-17 Manchester City-Chelsea,Manchester City,Jeremy Doku,11,BEL,LM,21-266,90,75,73,2,0,0,0,7,2,0,0,0,0,61,0,3,78fb7fc2
7220,ENG-Premier League,2324,2024-02-17 Manchester City-Chelsea,Manchester City,Julián Álvarez,19,ARG,CM,24-017,63,45,42,3,1,0,0,2,1,0,0,0,0,42,0,0,78fb7fc2
7221,ENG-Premier League,2324,2024-02-17 Manchester City-Chelsea,Manchester City,Kevin De Bruyne,17,BEL,CM,32-234,90,91,73,18,3,0,1,22,5,10,7,1,0,64,0,3,78fb7fc2
7222,ENG-Premier League,2324,2024-02-17 Manchester City-Chelsea,Manchester City,Kyle Walker,2,ENG,RB,33-265,90,71,61,10,2,0,0,3,8,0,0,0,0,64,0,1,78fb7fc2
7223,ENG-Premier League,2324,2024-02-17 Manchester City-Chelsea,Manchester City,Manuel Akanji,25,SUI,CB,28-213,90,67,65,2,2,0,0,1,0,0,0,0,0,64,0,0,78fb7fc2
7224,ENG-Premier League,2324,2024-02-17 Manchester City-Chelsea,Manchester City,Nathan Aké,6,NED,LB,28-364,90,103,98,5,1,0,0,2,4,0,0,0,0,96,0,2,78fb7fc2
7225,ENG-Premier League,2324,2024-02-17 Manchester City-Chelsea,Manchester City,Phil Foden,47,ENG,RM,23-265,90,60,58,2,2,0,0,5,0,0,0,0,0,53,0,2,78fb7fc2
7226,ENG-Premier League,2324,2024-02-17 Manchester City-Chelsea,Manchester City,Rodri,16,ESP,DM,27-240,90,94,90,4,3,0,0,1,0,1,0,0,0,82,0,2,78fb7fc2
7227,ENG-Premier League,2324,2024-02-17 Manchester City-Chelsea,Manchester City,Rúben Dias,3,POR,CB,26-279,90,105,103,2,2,0,1,0,0,0,0,0,0,101,0,1,78fb7fc2
7420,ENG-Premier League,2324,2024-02-20 Manchester City-Brentford,Manchester City,Bernardo Silva,20,POR,"DM,CM",29-194,90,81,74,7,2,0,1,8,1,3,3,0,0,71,0,1,af88a1aa
7421,ENG-Premier League,2324,2024-02-20 Manchester City-Brentford,Manchester City,Ederson,31,BRA,GK,30-187,90,29,21,8,2,0,0,0,0,0,0,0,0,22,0,0,af88a1aa
7422,ENG-Premier League,2324,2024-02-20 Manchester City-Brentford,Manchester City,Erling Haaland,9,NOR,FW,23-214,90,16,16,0,0,0,0,0,0,0,0,0,0,15,0,0,af88a1aa
7423,ENG-Premier League,2324,2024-02-20 Manchester City-Brentford,Manchester City,Jeremy Doku,11,BEL,LW,21-269,30,30,28,2,0,0,0,0,0,2,0,0,0,28,0,1,af88a1aa
7424,ENG-Premier League,2324,2024-02-20 Manchester City-Brentford,Manchester City,John Stones,5,ENG,CB,29-268,90,70,69,1,1,0,0,1,0,0,0,0,0,67,0,0,af88a1aa
7425,ENG-Premier League,2324,2024-02-20 Manchester City-Brentford,Manchester City,Julián Álvarez,19,ARG,AM,24-020,88,49,44,5,0,0,0,5,0,5,4,0,0,42,0,2,af88a1aa
7426,ENG-Premier League,2324,2024-02-20 Manchester City-Brentford,Manchester City,Kyle Walker,2,ENG,RB,33-268,90,81,70,11,0,0,0,8,11,0,0,0,0,64,0,4,af88a1aa
7427,ENG-Premier League,2324,2024-02-20 Manchester City-Brentford,Manchester City,Manuel Akanji,25,SUI,LB,28-216,90,112,109,3,1,0,1,2,2,0,0,0,0,108,0,1,af88a1aa
7428,ENG-Premier League,2324,2024-02-20 Manchester City-Brentford,Manchester City,Mateo Kovačić,8,CRO,"LM,AM",29-290,2,6,6,0,0,0,0,0,0,0,0,0,0,6,0,0,af88a1aa
7429,ENG-Premier League,2324,2024-02-20 Manchester City-Brentford,Manchester City,Oscar Bobb,52,NOR,LW,20-223,60,44,41,3,0,0,0,2,3,0,0,0,0,38,0,2,af88a1aa
7430,ENG-Premier League,2324,2024-02-20 Manchester City-Brentford,Manchester City,Phil Foden,47,ENG,RW,23-268,90,83,83,0,0,0,0,4,0,0,0,0,0,75,0,1,af88a1aa
7431,ENG-Premier League,2324,2024-02-20 Manchester City-Brentford,Manchester City,Rodri,16,ESP,"DM,RM",27-243,90,108,106,1,1,1,0,0,0,0,0,0,0,95,1,0,af88a1aa
7432,ENG-Premier League,2324,2024-02-20 Manchester City-Brentford,Manchester City,Rúben Dias,3,POR,CB,26-282,90,56,54,2,2,0,0,0,0,0,0,0,0,52,0,0,af88a1aa
7543,ENG-Premier League,2324,2024-02-24 Bournemouth-Manchester City,Manchester City,Bernardo Silva,20,POR,RW,29-198,90,72,69,3,0,0,0,3,2,1,1,0,0,55,0,1,f6d6a212
7544,ENG-Premier League,2324,2024-02-24 Bournemouth-Manchester City,Manchester City,Ederson,31,BRA,GK,30-191,90,41,34,7,1,0,0,0,0,0,0,0,0,31,0,0,f6d6a212
7545,ENG-Premier League,2324,2024-02-24 Bournemouth-Manchester City,Manchester City,Erling Haaland,9,NOR,FW,23-218,74,21,21,0,0,0,0,0,0,0,0,0,0,16,0,1,f6d6a212
7546,ENG-Premier League,2324,2024-02-24 Bournemouth-Manchester City,Manchester City,Jeremy Doku,11,BEL,LW,21-273,28,11,11,0,0,0,0,1,0,0,0,0,0,9,0,0,f6d6a212
7547,ENG-Premier League,2324,2024-02-24 Bournemouth-Manchester City,Manchester City,John Stones,5,ENG,DM,29-272,90,54,54,0,0,0,0,1,0,0,0,0,0,46,0,0,f6d6a212
7548,ENG-Premier League,2324,2024-02-24 Bournemouth-Manchester City,Manchester City,Julián Álvarez,19,ARG,FW,24-024,16,9,8,1,0,0,0,1,0,1,1,0,0,8,0,0,f6d6a212
7549,ENG-Premier League,2324,2024-02-24 Bournemouth-Manchester City,Manchester City,Kevin De Bruyne,17,BEL,CM,32-241,7,9,7,2,2,0,0,1,0,0,0,0,0,7,0,0,f6d6a212
7550,ENG-Premier League,2324,2024-02-24 Bournemouth-Manchester City,Manchester City,Manuel Akanji,25,SUI,RB,28-220,90,64,55,9,0,1,1,0,9,0,0,0,0,56,0,0,f6d6a212
7551,ENG-Premier League,2324,2024-02-24 Bournemouth-Manchester City,Manchester City,Mateo Kovačić,8,CRO,CM,29-294,83,41,39,2,1,1,0,0,0,0,0,0,0,39,0,0,f6d6a212
7552,ENG-Premier League,2324,2024-02-24 Bournemouth-Manchester City,Manchester City,Matheus Nunes,27,POR,LW,25-181,62,30,28,2,1,0,0,4,0,1,1,0,0,24,0,1,f6d6a212
7553,ENG-Premier League,2324,2024-02-24 Bournemouth-Manchester City,Manchester City,Nathan Aké,6,NED,LB,29-006,90,64,54,10,3,0,0,0,7,0,0,0,0,49,0,2,f6d6a212
7554,ENG-Premier League,2324,2024-02-24 Bournemouth-Manchester City,Manchester City,Phil Foden,47,ENG,CM,23-272,90,72,67,5,0,0,0,5,0,5,3,2,0,51,0,5,f6d6a212
7555,ENG-Premier League,2324,2024-02-24 Bournemouth-Manchester City,Manchester City,Rodri,16,ESP,DM,27-247,90,86,80,6,6,0,0,0,0,0,0,0,0,82,0,0,f6d6a212
7556,ENG-Premier League,2324,2024-02-24 Bournemouth-Manchester City,Manchester City,Rúben Dias,3,POR,CB,26-286,90,49,48,1,1,0,0,0,0,0,0,0,0,44,0,1,f6d6a212
7946,ENG-Premier League,2324,2024-03-03 Manchester City-Manchester Utd,Manchester City,Bernardo Silva,20,POR,"CM,LW",29-206,90,81,73,8,1,0,0,8,3,2,1,0,0,66,0,0,615eff06
7947,ENG-Premier League,2324,2024-03-03 Manchester City-Manchester Utd,Manchester City,Ederson,31,BRA,GK,30-199,90,32,29,3,0,0,0,0,0,0,0,0,0,29,0,0,615eff06
7948,ENG-Premier League,2324,2024-03-03 Manchester City-Manchester Utd,Manchester City,Erling Haaland,9,NOR,FW,23-226,90,7,7,0,0,0,0,0,0,0,0,0,0,5,0,0,615eff06
7949,ENG-Premier League,2324,2024-03-03 Manchester City-Manchester Utd,Manchester City,Jeremy Doku,11,BEL,LW,21-281,58,39,39,0,0,0,0,2,0,0,0,0,0,31,0,4,615eff06
7950,ENG-Premier League,2324,2024-03-03 Manchester City-Manchester Utd,Manchester City,John Stones,5,ENG,DM,29-280,90,75,75,0,0,0,0,0,0,0,0,0,0,69,0,2,615eff06
7951,ENG-Premier League,2324,2024-03-03 Manchester City-Manchester Utd,Manchester City,Julián Álvarez,19,ARG,CM,24-032,32,15,15,0,0,0,0,0,0,0,0,0,0,15,0,0,615eff06
7952,ENG-Premier League,2324,2024-03-03 Manchester City-Manchester Utd,Manchester City,Kevin De Bruyne,17,BEL,CM,32-249,90,91,80,11,1,1,0,12,3,7,5,0,0,67,0,3,615eff06
7953,ENG-Premier League,2324,2024-03-03 Manchester City-Manchester Utd,Manchester City,Kyle Walker,2,ENG,RB,33-280,90,113,102,11,2,0,2,1,9,0,0,0,0,107,0,0,615eff06
7954,ENG-Premier League,2324,2024-03-03 Manchester City-Manchester Utd,Manchester City,Nathan Aké,6,NED,LB,29-014,90,94,88,6,2,0,0,2,4,0,0,0,0,89,0,0,615eff06
7955,ENG-Premier League,2324,2024-03-03 Manchester City-Manchester Utd,Manchester City,Oscar Bobb,52,NOR,RW,20-235,1,0,0,0,0,0,0,0,0,0,0,0,0,0,0,0,615eff06
7956,ENG-Premier League,2324,2024-03-03 Manchester City-Manchester Utd,Manchester City,Phil Foden,47,ENG,RW,23-280,89,94,87,7,1,0,0,11,0,6,5,0,0,81,0,0,615eff06
7957,ENG-Premier League,2324,2024-03-03 Manchester City-Manchester Utd,Manchester City,Rodri,16,ESP,DM,27-255,90,114,112,2,2,1,0,0,0,0,0,0,0,103,0,1,615eff06
7958,ENG-Premier League,2324,2024-03-03 Manchester City-Manchester Utd,Manchester City,Rúben Dias,3,POR,CB,26-294,90,107,106,1,1,0,0,1,0,0,0,0,0,103,0,0,615eff06
8236,ENG-Premier League,2324,2024-03-10 Liverpool-Manchester City,Manchester City,Bernardo Silva,20,POR,CM,29-213,90,39,39,0,0,0,1,1,0,0,0,0,0,32,0,0,96da3e29
8237,ENG-Premier League,2324,2024-03-10 Liverpool-Manchester City,Manchester City,Ederson,31,BRA,GK,30-206,55,26,20,6,3,0,0,0,0,0,0,0,0,22,0,0,96da3e29
8238,ENG-Premier League,2324,2024-03-10 Liverpool-Manchester City,Manchester City,Erling Haaland,9,NOR,FW,23-233,90,15,15,0,0,0,0,0,0,0,0,0,0,12,0,0,96da3e29
8239,ENG-Premier League,2324,2024-03-10 Liverpool-Manchester City,Manchester City,Jeremy Doku,11,BEL,LW,21-288,22,11,11,0,0,0,0,1,0,0,0,0,0,9,0,0,96da3e29
8240,ENG-Premier League,2324,2024-03-10 Liverpool-Manchester City,Manchester City,John Stones,5,ENG,DM,29-287,90,52,51,1,1,0,0,0,0,0,0,0,0,43,0,2,96da3e29
8241,ENG-Premier League,2324,2024-03-10 Liverpool-Manchester City,Manchester City,Julián Álvarez,19,ARG,LW,24-039,68,28,27,1,0,0,0,1,0,1,1,0,0,15,0,2,96da3e29
8242,ENG-Premier League,2324,2024-03-10 Liverpool-Manchester City,Manchester City,Kevin De Bruyne,17,BEL,CM,32-256,68,29,24,5,0,0,0,3,1,2,1,1,0,19,0,0,96da3e29
8243,ENG-Premier League,2324,2024-03-10 Liverpool-Manchester City,Manchester City,Kyle Walker,2,ENG,RB,33-287,90,56,46,10,1,0,2,1,9,0,0,0,0,48,0,1,96da3e29
8244,ENG-Premier League,2324,2024-03-10 Liverpool-Manchester City,Manchester City,Manuel Akanji,25,SUI,CB,28-235,90,58,50,8,3,0,0,0,0,0,0,0,0,54,0,0,96da3e29
8245,ENG-Premier League,2324,2024-03-10 Liverpool-Manchester City,Manchester City,Mateo Kovačić,8,CRO,CM,29-309,22,30,30,0,0,0,0,0,0,0,0,0,0,27,0,1,96da3e29
8246,ENG-Premier League,2324,2024-03-10 Liverpool-Manchester City,Manchester City,Nathan Aké,6,NED,LB,29-021,90,65,55,9,0,0,0,1,9,0,0,0,0,50,1,4,96da3e29
8247,ENG-Premier League,2324,2024-03-10 Liverpool-Manchester City,Manchester City,Phil Foden,47,ENG,RW,23-287,90,27,26,1,0,0,0,3,0,1,1,0,0,20,0,3,96da3e29
8248,ENG-Premier League,2324,2024-03-10 Liverpool-Manchester City,Manchester City,Rodri,16,ESP,DM,27-262,90,104,102,2,2,0,1,0,0,0,0,0,0,90,0,0,96da3e29
8249,ENG-Premier League,2324,2024-03-10 Liverpool-Manchester City,Manchester City,Stefan Ortega,18,GER,GK,31-125,35,26,21,5,2,0,0,0,0,0,0,0,0,18,0,0,96da3e29
8743,ENG-Premier League,2324,2024-03-31 Manchester City-Arsenal,Manchester City,Bernardo Silva,20,POR,"RM,CM",29-234,90,61,57,4,3,0,0,3,1,0,0,0,0,51,0,4,76b4b194
8744,ENG-Premier League,2324,2024-03-31 Manchester City-Arsenal,Manchester City,Erling Haaland,9,NOR,FW,23-254,90,11,11,0,0,0,0,0,0,0,0,0,0,7,0,0,76b4b194
8745,ENG-Premier League,2324,2024-03-31 Manchester City-Arsenal,Manchester City,Jack Grealish,10,ENG,LM,28-203,30,18,18,0,0,0,0,2,0,0,0,0,0,13,0,1,76b4b194
8746,ENG-Premier League,2324,2024-03-31 Manchester City-Arsenal,Manchester City,Jeremy Doku,11,BEL,RM,21-309,30,13,13,0,0,0,0,1,0,0,0,0,0,9,0,1,76b4b194
8747,ENG-Premier League,2324,2024-03-31 Manchester City-Arsenal,Manchester City,Joško Gvardiol,24,CRO,LB,22-068,90,74,66,8,2,0,0,6,6,0,0,0,0,61,0,3,76b4b194
8748,ENG-Premier League,2324,2024-03-31 Manchester City-Arsenal,Manchester City,Kevin De Bruyne,17,BEL,CM,32-277,90,53,40,13,5,0,0,16,2,6,3,2,0,29,0,2,76b4b194
8749,ENG-Premier League,2324,2024-03-31 Manchester City-Arsenal,Manchester City,Manuel Akanji,25,SUI,"CB,RB",28-256,90,77,70,7,4,0,0,2,3,0,0,0,0,69,0,0,76b4b194
8750,ENG-Premier League,2324,2024-03-31 Manchester City-Arsenal,Manchester City,Mateo Kovačić,8,CRO,CM,29-330,60,87,86,1,1,0,0,0,0,0,0,0,0,79,0,1,76b4b194
8751,ENG-Premier League,2324,2024-03-31 Manchester City-Arsenal,Manchester City,Nathan Aké,6,NED,CB,29-042,26,24,23,1,1,0,0,0,0,0,0,0,0,23,0,0,76b4b194
8752,ENG-Premier League,2324,2024-03-31 Manchester City-Arsenal,Manchester City,Phil Foden,47,ENG,LM,23-308,60,43,40,2,0,0,0,1,0,1,1,0,0,35,1,1,76b4b194
8753,ENG-Premier League,2324,2024-03-31 Manchester City-Arsenal,Manchester City,Rico Lewis,82,ENG,RB,19-131,64,40,36,4,2,0,0,0,2,0,0,0,0,38,0,1,76b4b194
8754,ENG-Premier League,2324,2024-03-31 Manchester City-Arsenal,Manchester City,Rodri,16,ESP,DM,27-283,90,121,117,3,3,0,0,0,0,0,0,0,0,110,1,0,76b4b194
8755,ENG-Premier League,2324,2024-03-31 Manchester City-Arsenal,Manchester City,Rúben Dias,3,POR,CB,26-322,90,94,94,0,0,0,0,1,0,0,0,0,0,86,0,0,76b4b194
8756,ENG-Premier League,2324,2024-03-31 Manchester City-Arsenal,Manchester City,Stefan Ortega,18,GER,GK,31-146,90,39,36,3,0,0,0,0,0,0,0,0,0,34,0,0,76b4b194
8977,ENG-Premier League,2324,2024-04-03 Manchester City-Aston Villa,Manchester City,Bernardo Silva,20,POR,DM,29-237,74,40,37,3,2,0,0,1,1,0,0,0,0,34,0,0,ae3ba8e8
8978,ENG-Premier League,2324,2024-04-03 Manchester City-Aston Villa,Manchester City,Jack Grealish,10,ENG,LW,28-206,90,55,54,0,0,1,0,1,0,0,0,0,0,46,1,1,ae3ba8e8
8979,ENG-Premier League,2324,2024-04-03 Manchester City-Aston Villa,Manchester City,Jeremy Doku,11,BEL,RW,21-312,79,45,45,0,0,0,0,3,0,0,0,0,0,39,0,1,ae3ba8e8
8980,ENG-Premier League,2324,2024-04-03 Manchester City-Aston Villa,Manchester City,Joško Gvardiol,24,CRO,LB,22-071,90,76,72,4,2,0,0,0,2,0,0,0,0,69,0,1,ae3ba8e8
8981,ENG-Premier League,2324,2024-04-03 Manchester City-Aston Villa,Manchester City,Julián Álvarez,19,ARG,FW,24-063,90,25,21,4,0,0,0,2,0,2,1,1,0,22,0,0,ae3ba8e8
8982,ENG-Premier League,2324,2024-04-03 Manchester City-Aston Villa,Manchester City,Manuel Akanji,25,SUI,CB,28-259,90,76,76,0,0,0,0,0,0,0,0,0,0,75,0,0,ae3ba8e8
8983,ENG-Premier League,2324,2024-04-03 Manchester City-Aston Villa,Manchester City,Mateo Kovačić,8,CRO,DM,29-333,16,19,18,1,1,0,0,0,0,0,0,0,0,19,0,0,ae3ba8e8
8984,ENG-Premier League,2324,2024-04-03 Manchester City-Aston Villa,Manchester City,Matheus Nunes,27,POR,DM,25-220,16,7,7,0,0,0,0,0,0,0,0,0,0,7,0,0,ae3ba8e8
8985,ENG-Premier League,2324,2024-04-03 Manchester City-Aston Villa,Manchester City,Oscar Bobb,52,NOR,AM,20-266,11,5,5,0,0,0,0,0,0,0,0,0,0,4,0,0,ae3ba8e8
8986,ENG-Premier League,2324,2024-04-03 Manchester City-Aston Villa,Manchester City,Phil Foden,47,ENG,AM,23-311,79,55,54,1,1,1,0,1,0,0,0,0,0,50,0,2,ae3ba8e8
8987,ENG-Premier League,2324,2024-04-03 Manchester City-Aston Villa,Manchester City,Rico Lewis,82,ENG,RB,19-134,90,80,71,9,1,1,0,1,8,0,0,0,0,74,0,1,ae3ba8e8
8988,ENG-Premier League,2324,2024-04-03 Manchester City-Aston Villa,Manchester City,Rodri,16,ESP,DM,27-286,74,102,100,2,2,0,4,0,0,0,0,0,0,91,0,2,ae3ba8e8
8989,ENG-Premier League,2324,2024-04-03 Manchester City-Aston Villa,Manchester City,Rúben Dias,3,POR,CB,26-325,90,102,98,4,3,0,0,0,0,0,0,0,0,96,0,0,ae3ba8e8
8990,ENG-Premier League,2324,2024-04-03 Manchester City-Aston Villa,Manchester City,Sergio Gómez,21,ESP,RW,23-212,11,8,8,0,0,0,0,0,0,0,0,0,0,6,0,0,ae3ba8e8
8991,ENG-Premier League,2324,2024-04-03 Manchester City-Aston Villa,Manchester City,Stefan Ortega,18,GER,GK,31-149,90,29,28,1,0,0,0,0,0,0,0,0,0,29,0,0,ae3ba8e8
9132,ENG-Premier League,2324,2024-04-06 Crystal Palace-Manchester City,Manchester City,Bernardo Silva,20,POR,CM,29-240,1,4,4,0,0,0,0,0,0,0,0,0,0,4,0,0,fca82852
9133,ENG-Premier League,2324,2024-04-06 Crystal Palace-Manchester City,Manchester City,Erling Haaland,9,NOR,FW,23-260,90,16,15,1,0,0,0,0,0,0,0,0,0,13,0,0,fca82852
9134,ENG-Premier League,2324,2024-04-06 Crystal Palace-Manchester City,Manchester City,Jack Grealish,10,ENG,LW,28-209,90,66,63,3,0,0,0,2,3,0,0,0,0,61,0,2,fca82852
9135,ENG-Premier League,2324,2024-04-06 Crystal Palace-Manchester City,Manchester City,John Stones,5,ENG,RB,29-314,90,112,111,1,1,0,1,0,0,0,0,0,0,108,0,0,fca82852
9136,ENG-Premier League,2324,2024-04-06 Crystal Palace-Manchester City,Manchester City,Joško Gvardiol,24,CRO,LB,22-074,45,72,68,4,0,0,0,0,4,0,0,0,0,66,0,1,fca82852
9137,ENG-Premier League,2324,2024-04-06 Crystal Palace-Manchester City,Manchester City,Julián Álvarez,19,ARG,CM,24-066,73,32,27,5,1,0,0,0,1,1,0,0,0,30,0,0,fca82852
9138,ENG-Premier League,2324,2024-04-06 Crystal Palace-Manchester City,Manchester City,Kevin De Bruyne,17,BEL,CM,32-283,89,87,78,8,1,1,2,11,0,7,2,1,0,63,1,5,fca82852
9139,ENG-Premier League,2324,2024-04-06 Crystal Palace-Manchester City,Manchester City,Manuel Akanji,25,SUI,LB,28-262,45,67,62,5,0,0,0,1,5,0,0,0,0,62,0,0,fca82852
9140,ENG-Premier League,2324,2024-04-06 Crystal Palace-Manchester City,Manchester City,Mateo Kovačić,8,CRO,DM,29-336,17,21,19,2,2,0,0,0,0,0,0,0,0,18,0,0,fca82852
9141,ENG-Premier League,2324,2024-04-06 Crystal Palace-Manchester City,Manchester City,Matheus Nunes,27,POR,CM,25-223,17,11,10,1,1,0,0,0,0,0,0,0,0,8,0,0,fca82852
9142,ENG-Premier League,2324,2024-04-06 Crystal Palace-Manchester City,Manchester City,Oscar Bobb,52,NOR,RW,20-269,90,44,40,4,2,0,0,1,1,1,0,0,0,39,0,1,fca82852
9143,ENG-Premier League,2324,2024-04-06 Crystal Palace-Manchester City,Manchester City,Rico Lewis,82,ENG,DM,19-137,90,66,58,8,2,0,0,0,6,0,0,0,0,57,0,3,fca82852
9144,ENG-Premier League,2324,2024-04-06 Crystal Palace-Manchester City,Manchester City,Rodri,16,ESP,DM,27-289,73,109,107,2,1,1,1,2,1,0,0,0,0,100,0,2,fca82852
9145,ENG-Premier League,2324,2024-04-06 Crystal Palace-Manchester City,Manchester City,Rúben Dias,3,POR,CB,26-328,90,148,143,5,4,0,2,0,0,0,0,0,0,140,0,0,fca82852
9146,ENG-Premier League,2324,2024-04-06 Crystal Palace-Manchester City,Manchester City,Stefan Ortega,18,GER,GK,31-152,90,34,28,6,0,0,0,0,0,0,0,0,0,30,0,0,fca82852
9461,ENG-Premier League,2324,2024-04-13 Manchester City-Luton Town,Manchester City,Ederson,31,BRA,GK,30-240,90,32,30,2,1,0,0,0,0,0,0,0,0,30,0,0,40128bc4
9462,ENG-Premier League,2324,2024-04-13 Manchester City-Luton Town,Manchester City,Erling Haaland,9,NOR,FW,23-267,80,15,15,0,0,0,0,0,0,0,0,0,0,12,0,1,40128bc4
9463,ENG-Premier League,2324,2024-04-13 Manchester City-Luton Town,Manchester City,Jeremy Doku,11,BEL,LW,21-322,90,60,60,0,0,0,0,5,0,0,0,0,0,54,0,3,40128bc4
9464,ENG-Premier League,2324,2024-04-13 Manchester City-Luton Town,Manchester City,Joško Gvardiol,24,CRO,LB,22-081,90,75,67,8,0,0,0,0,8,0,0,0,0,67,0,2,40128bc4
9465,ENG-Premier League,2324,2024-04-13 Manchester City-Luton Town,Manchester City,Julián Álvarez,19,ARG,"RW,FW",24-073,90,72,58,14,0,0,0,10,1,12,3,5,0,54,0,1,40128bc4
9466,ENG-Premier League,2324,2024-04-13 Manchester City-Luton Town,Manchester City,Kevin De Bruyne,17,BEL,AM,32-290,80,69,64,5,1,2,0,5,3,0,0,0,0,61,0,0,40128bc4
9467,ENG-Premier League,2324,2024-04-13 Manchester City-Luton Town,Manchester City,Manuel Akanji,25,SUI,CB,28-269,90,94,94,0,0,0,0,0,0,0,0,0,0,90,0,0,40128bc4
9468,ENG-Premier League,2324,2024-04-13 Manchester City-Luton Town,Manchester City,Mateo Kovačić,8,CRO,DM,29-343,90,87,87,0,0,0,0,0,0,0,0,0,0,81,0,0,40128bc4
9469,ENG-Premier League,2324,2024-04-13 Manchester City-Luton Town,Manchester City,Matheus Nunes,27,POR,DM,25-230,90,75,75,0,0,1,0,4,0,0,0,0,0,60,0,2,40128bc4
9470,ENG-Premier League,2324,2024-04-13 Manchester City-Luton Town,Manchester City,Oscar Bobb,52,NOR,AM,20-276,10,8,8,0,0,0,0,0,0,0,0,0,0,7,0,0,40128bc4
9471,ENG-Premier League,2324,2024-04-13 Manchester City-Luton Town,Manchester City,Rico Lewis,82,ENG,RB,19-144,90,88,85,3,1,0,0,0,2,0,0,0,0,86,0,0,40128bc4
9472,ENG-Premier League,2324,2024-04-13 Manchester City-Luton Town,Manchester City,Rúben Dias,3,POR,CB,26-335,90,115,112,3,3,0,0,1,0,0,0,0,0,110,0,0,40128bc4
9473,ENG-Premier League,2324,2024-04-13 Manchester City-Luton Town,Manchester City,Sergio Gómez,21,ESP,RW,23-222,10,15,15,0,0,0,0,2,0,0,0,0,0,13,0,1,40128bc4
10038,ENG-Premier League,2324,2024-04-25 Brighton-Manchester City,Manchester City,Bernardo Silva,20,POR,RM,29-259,77,70,69,1,1,1,0,0,0,0,0,0,0,66,0,0,45bb8cac
10039,ENG-Premier League,2324,2024-04-25 Brighton-Manchester City,Manchester City,Ederson,31,BRA,GK,30-252,90,53,46,7,1,0,0,0,0,0,0,0,0,47,0,0,45bb8cac
10040,ENG-Premier League,2324,2024-04-25 Brighton-Manchester City,Manchester City,Jack Grealish,10,ENG,LM,28-228,20,12,12,0,0,0,0,0,0,0,0,0,0,12,0,0,45bb8cac
10041,ENG-Premier League,2324,2024-04-25 Brighton-Manchester City,Manchester City,Jeremy Doku,11,BEL,RM,21-334,13,8,8,0,0,0,0,1,0,0,0,0,0,5,0,1,45bb8cac
10042,ENG-Premier League,2324,2024-04-25 Brighton-Manchester City,Manchester City,Joško Gvardiol,24,CRO,LB,22-093,90,71,61,9,3,0,0,0,6,0,0,0,0,59,1,1,45bb8cac
10043,ENG-Premier League,2324,2024-04-25 Brighton-Manchester City,Manchester City,Julián Álvarez,19,ARG,FW,24-085,90,29,28,1,0,0,0,1,0,1,1,0,0,25,0,1,45bb8cac
10044,ENG-Premier League,2324,2024-04-25 Brighton-Manchester City,Manchester City,Kevin De Bruyne,17,BEL,CM,32-302,71,34,34,0,0,0,1,2,0,0,0,0,0,31,0,0,45bb8cac
10045,ENG-Premier League,2324,2024-04-25 Brighton-Manchester City,Manchester City,Kyle Walker,2,ENG,RB,33-333,78,44,39,5,0,0,0,1,5,0,0,0,0,37,0,2,45bb8cac
10046,ENG-Premier League,2324,2024-04-25 Brighton-Manchester City,Manchester City,Manuel Akanji,25,SUI,CB,28-281,90,98,97,1,1,0,1,0,0,0,0,0,0,94,0,0,45bb8cac
10047,ENG-Premier League,2324,2024-04-25 Brighton-Manchester City,Manchester City,Mateo Kovačić,8,CRO,CM,29-355,90,89,88,1,1,0,0,0,0,0,0,0,0,87,0,0,45bb8cac
10048,ENG-Premier League,2324,2024-04-25 Brighton-Manchester City,Manchester City,Matheus Nunes,27,POR,CM,25-242,19,27,26,1,1,0,0,0,0,0,0,0,0,26,0,0,45bb8cac
10049,ENG-Premier League,2324,2024-04-25 Brighton-Manchester City,Manchester City,Nathan Aké,6,NED,CB,29-067,90,82,80,2,2,0,0,0,0,0,0,0,0,81,0,0,45bb8cac
10050,ENG-Premier League,2324,2024-04-25 Brighton-Manchester City,Manchester City,Phil Foden,47,ENG,LM,23-333,70,51,45,6,2,0,0,4,0,3,2,0,0,45,0,0,45bb8cac
10051,ENG-Premier League,2324,2024-04-25 Brighton-Manchester City,Manchester City,Rico Lewis,82,ENG,RB,19-156,12,23,19,4,1,0,0,0,3,0,0,0,0,20,0,1,45bb8cac
10052,ENG-Premier League,2324,2024-04-25 Brighton-Manchester City,Manchester City,Rodri,16,ESP,DM,27-308,78,113,112,1,1,0,3,0,0,0,0,0,0,109,0,0,45bb8cac
10053,ENG-Premier League,2324,2024-04-25 Brighton-Manchester City,Manchester City,Sergio Gómez,21,ESP,DM,23-234,12,11,11,0,0,0,0,0,0,0,0,0,0,11,0,0,45bb8cac
10287,ENG-Premier League,2324,2024-04-28 Nott'ham Forest-Manchester City,Manchester City,Bernardo Silva,20,POR,"RW,CM",29-262,90,67,65,2,1,0,0,1,0,1,1,0,0,55,0,3,80bbb25e
10288,ENG-Premier League,2324,2024-04-28 Nott'ham Forest-Manchester City,Manchester City,Ederson,31,BRA,GK,30-255,45,24,17,7,1,0,0,0,0,0,0,0,0,22,0,0,80bbb25e
10289,ENG-Premier League,2324,2024-04-28 Nott'ham Forest-Manchester City,Manchester City,Erling Haaland,9,NOR,FW,23-282,29,12,12,0,0,0,0,0,0,0,0,0,0,11,0,0,80bbb25e
10290,ENG-Premier League,2324,2024-04-28 Nott'ham Forest-Manchester City,Manchester City,Jack Grealish,10,ENG,"LM,LW",28-231,61,28,28,0,0,0,0,0,0,0,0,0,0,26,0,1,80bbb25e
10291,ENG-Premier League,2324,2024-04-28 Nott'ham Forest-Manchester City,Manchester City,Jeremy Doku,11,BEL,RM,21-337,45,16,16,0,0,0,0,0,0,0,0,0,0,15,0,0,80bbb25e
10292,ENG-Premier League,2324,2024-04-28 Nott'ham Forest-Manchester City,Manchester City,Joško Gvardiol,24,CRO,LB,22-096,90,78,73,5,0,0,0,2,5,0,0,0,0,65,0,1,80bbb25e
10293,ENG-Premier League,2324,2024-04-28 Nott'ham Forest-Manchester City,Manchester City,Julián Álvarez,19,ARG,"FW,LW",24-088,88,40,39,1,0,0,0,1,0,0,0,0,0,35,0,1,80bbb25e
10294,ENG-Premier League,2324,2024-04-28 Nott'ham Forest-Manchester City,Manchester City,Kevin De Bruyne,17,BEL,"CM,AM",32-305,88,60,55,5,1,1,1,5,0,4,3,0,0,48,0,1,80bbb25e
10295,ENG-Premier League,2324,2024-04-28 Nott'ham Forest-Manchester City,Manchester City,Kyle Walker,2,ENG,RB,33-336,90,76,65,11,0,0,0,1,11,0,0,0,0,68,0,0,80bbb25e
10296,ENG-Premier League,2324,2024-04-28 Nott'ham Forest-Manchester City,Manchester City,Manuel Akanji,25,SUI,CB,28-284,90,58,56,2,2,0,0,0,0,0,0,0,0,56,0,0,80bbb25e
10297,ENG-Premier League,2324,2024-04-28 Nott'ham Forest-Manchester City,Manchester City,Mateo Kovačić,8,CRO,DM,29-358,45,60,60,0,0,0,0,0,0,0,0,0,0,58,0,1,80bbb25e
10298,ENG-Premier League,2324,2024-04-28 Nott'ham Forest-Manchester City,Manchester City,Matheus Nunes,27,POR,AM,25-245,2,1,1,0,0,0,0,0,0,0,0,0,0,0,0,0,80bbb25e
10299,ENG-Premier League,2324,2024-04-28 Nott'ham Forest-Manchester City,Manchester City,Nathan Aké,6,NED,CB,29-070,90,68,66,2,2,0,0,0,0,0,0,0,0,63,0,1,80bbb25e
10300,ENG-Premier League,2324,2024-04-28 Nott'ham Forest-Manchester City,Manchester City,Oscar Bobb,52,NOR,LW,20-291,2,3,3,0,0,0,0,0,0,0,0,0,0,3,0,0,80bbb25e
10301,ENG-Premier League,2324,2024-04-28 Nott'ham Forest-Manchester City,Manchester City,Rodri,16,ESP,DM,27-311,90,146,143,2,2,0,1,0,0,0,0,0,0,136,1,2,80bbb25e
10302,ENG-Premier League,2324,2024-04-28 Nott'ham Forest-Manchester City,Manchester City,Stefan Ortega,18,GER,GK,31-174,45,26,23,3,0,0,0,0,0,0,0,0,0,21,0,0,80bbb25e
10499,ENG-Premier League,2324,2024-05-04 Manchester City-Wolves,Manchester City,Bernardo Silva,20,POR,RW,29-268,79,33,32,1,1,0,0,3,0,0,0,0,0,28,0,3,5a9032bf
10500,ENG-Premier League,2324,2024-05-04 Manchester City-Wolves,Manchester City,Ederson,31,BRA,GK,30-261,90,36,33,3,1,0,0,0,0,0,0,0,0,31,0,0,5a9032bf
10501,ENG-Premier League,2324,2024-05-04 Manchester City-Wolves,Manchester City,Erling Haaland,9,NOR,FW,23-288,81,15,15,0,0,0,0,0,0,0,0,0,0,10,0,2,5a9032bf
10502,ENG-Premier League,2324,2024-05-04 Manchester City-Wolves,Manchester City,Jack Grealish,10,ENG,LW,28-237,11,7,7,0,0,0,0,0,0,0,0,0,0,7,0,0,5a9032bf
10503,ENG-Premier League,2324,2024-05-04 Manchester City-Wolves,Manchester City,Jeremy Doku,11,BEL,RW,21-343,11,12,12,0,0,0,0,3,0,0,0,0,0,10,0,0,5a9032bf
10504,ENG-Premier League,2324,2024-05-04 Manchester City-Wolves,Manchester City,John Stones,5,ENG,CB,29-342,22,28,28,0,0,0,0,0,0,0,0,0,0,26,0,0,5a9032bf
10505,ENG-Premier League,2324,2024-05-04 Manchester City-Wolves,Manchester City,Joško Gvardiol,24,CRO,LB,22-102,90,54,47,7,1,0,0,1,6,0,0,0,0,47,0,1,5a9032bf
10506,ENG-Premier League,2324,2024-05-04 Manchester City-Wolves,Manchester City,Julián Álvarez,19,ARG,FW,24-094,9,5,4,1,0,0,0,0,0,1,0,0,0,5,0,0,5a9032bf
10507,ENG-Premier League,2324,2024-05-04 Manchester City-Wolves,Manchester City,Kevin De Bruyne,17,BEL,AM,32-311,78,49,41,8,3,0,0,8,0,3,2,0,0,38,0,3,5a9032bf
10508,ENG-Premier League,2324,2024-05-04 Manchester City-Wolves,Manchester City,Kyle Walker,2,ENG,RB,33-342,90,65,57,8,0,0,0,0,8,0,0,0,0,62,0,0,5a9032bf
10509,ENG-Premier League,2324,2024-05-04 Manchester City-Wolves,Manchester City,Manuel Akanji,25,SUI,CB,28-290,90,78,77,1,1,0,0,0,0,0,0,0,0,71,0,0,5a9032bf
10510,ENG-Premier League,2324,2024-05-04 Manchester City-Wolves,Manchester City,Mateo Kovačić,8,CRO,DM,29-364,90,78,76,1,1,0,0,0,0,0,0,0,0,73,1,0,5a9032bf
10511,ENG-Premier League,2324,2024-05-04 Manchester City-Wolves,Manchester City,Matheus Nunes,27,POR,AM,25-251,12,8,8,0,0,0,0,0,0,0,0,0,0,8,0,0,5a9032bf
10512,ENG-Premier League,2324,2024-05-04 Manchester City-Wolves,Manchester City,Nathan Aké,6,NED,CB,29-076,68,59,57,2,2,0,0,1,0,0,0,0,0,54,0,0,5a9032bf
10513,ENG-Premier League,2324,2024-05-04 Manchester City-Wolves,Manchester City,Phil Foden,47,ENG,LW,23-342,79,43,39,3,1,1,0,4,0,2,2,0,0,31,1,2,5a9032bf
10514,ENG-Premier League,2324,2024-05-04 Manchester City-Wolves,Manchester City,Rodri,16,ESP,DM,27-317,90,87,81,6,6,0,2,1,0,0,0,0,0,80,0,2,5a9032bf
10755,ENG-Premier League,2324,2024-05-11 Fulham-Manchester City,Manchester City,Bernardo Silva,20,POR,"RW,DM",29-275,90,71,70,1,1,0,1,1,0,0,0,0,0,65,0,1,4e211d29
10756,ENG-Premier League,2324,2024-05-11 Fulham-Manchester City,Manchester City,Ederson,31,BRA,GK,30-268,90,39,36,3,0,0,0,0,0,0,0,0,0,36,0,0,4e211d29
10757,ENG-Premier League,2324,2024-05-11 Fulham-Manchester City,Manchester City,Erling Haaland,9,NOR,FW,23-295,81,10,10,0,0,0,0,0,0,0,0,0,0,8,0,1,4e211d29
10758,ENG-Premier League,2324,2024-05-11 Fulham-Manchester City,Manchester City,Jeremy Doku,11,BEL,LW,21-350,16,10,10,0,0,0,0,0,0,0,0,0,0,8,0,1,4e211d29
10759,ENG-Premier League,2324,2024-05-11 Fulham-Manchester City,Manchester City,Joško Gvardiol,24,CRO,LB,22-109,90,68,61,7,0,0,1,1,7,0,0,0,0,57,0,1,4e211d29
10760,ENG-Premier League,2324,2024-05-11 Fulham-Manchester City,Manchester City,Julián Álvarez,19,ARG,FW,24-101,9,5,4,1,0,0,0,0,0,1,0,0,0,5,0,0,4e211d29
10761,ENG-Premier League,2324,2024-05-11 Fulham-Manchester City,Manchester City,Kevin De Bruyne,17,BEL,AM,32-318,74,47,41,6,0,0,1,5,0,5,0,2,1,35,0,2,4e211d29
10762,ENG-Premier League,2324,2024-05-11 Fulham-Manchester City,Manchester City,Kyle Walker,2,ENG,RB,33-349,69,49,46,3,0,0,1,1,3,0,0,0,0,45,0,0,4e211d29
10763,ENG-Premier League,2324,2024-05-11 Fulham-Manchester City,Manchester City,Manuel Akanji,25,SUI,"CB,RB",28-297,90,95,94,1,1,0,2,0,0,0,0,0,0,90,0,0,4e211d29
10764,ENG-Premier League,2324,2024-05-11 Fulham-Manchester City,Manchester City,Mateo Kovačić,8,CRO,DM,30-005,81,100,98,2,2,1,1,0,0,0,0,0,0,97,0,2,4e211d29
10765,ENG-Premier League,2324,2024-05-11 Fulham-Manchester City,Manchester City,Nathan Aké,6,NED,CB,29-083,21,27,27,0,0,0,0,0,0,0,0,0,0,25,0,0,4e211d29
10766,ENG-Premier League,2324,2024-05-11 Fulham-Manchester City,Manchester City,Oscar Bobb,52,NOR,RW,20-304,9,8,8,0,0,0,0,0,0,0,0,0,0,7,0,0,4e211d29
10767,ENG-Premier League,2324,2024-05-11 Fulham-Manchester City,Manchester City,Phil Foden,47,ENG,"LW,AM",23-349,81,43,42,1,0,1,0,0,0,1,0,0,0,39,0,1,4e211d29
10768,ENG-Premier League,2324,2024-05-11 Fulham-Manchester City,Manchester City,Rico Lewis,82,ENG,"AM,DM",19-172,9,5,5,0,0,0,0,0,0,0,0,0,0,4,0,0,4e211d29
10769,ENG-Premier League,2324,2024-05-11 Fulham-Manchester City,Manchester City,Rodri,16,ESP,DM,27-324,90,128,126,2,2,0,0,1,0,0,0,0,0,123,0,2,4e211d29
10770,ENG-Premier League,2324,2024-05-11 Fulham-Manchester City,Manchester City,Rúben Dias,3,POR,CB,26-363,90,90,88,2,2,0,0,0,0,0,0,0,0,82,0,0,4e211d29
10984,ENG-Premier League,2324,2024-05-14 Tottenham-Manchester City,Manchester City,Bernardo Silva,20,POR,RW,29-278,90,65,64,1,1,0,0,1,0,0,0,0,0,59,0,0,2ba17e6d
10985,ENG-Premier League,2324,2024-05-14 Tottenham-Manchester City,Manchester City,Ederson,31,BRA,GK,30-271,68,21,20,1,1,0,0,0,0,0,0,0,0,18,0,0,2ba17e6d
10986,ENG-Premier League,2324,2024-05-14 Tottenham-Manchester City,Manchester City,Erling Haaland,9,NOR,FW,23-298,89,14,14,0,0,0,0,0,0,0,0,0,0,12,0,0,2ba17e6d
10987,ENG-Premier League,2324,2024-05-14 Tottenham-Manchester City,Manchester City,Jeremy Doku,11,BEL,LW,21-353,22,12,12,0,0,0,0,1,0,0,0,0,0,9,0,0,2ba17e6d
10988,ENG-Premier League,2324,2024-05-14 Tottenham-Manchester City,Manchester City,Joško Gvardiol,24,CRO,LB,22-112,90,52,45,7,0,0,1,0,7,0,0,0,0,44,0,3,2ba17e6d
10989,ENG-Premier League,2324,2024-05-14 Tottenham-Manchester City,Manchester City,Julián Álvarez,19,ARG,FW,24-104,1,3,2,1,0,0,0,0,0,1,0,0,0,3,0,0,2ba17e6d
10990,ENG-Premier League,2324,2024-05-14 Tottenham-Manchester City,Manchester City,Kevin De Bruyne,17,BEL,AM,32-321,68,22,18,3,1,0,0,2,1,0,0,0,0,12,1,0,2ba17e6d
10991,ENG-Premier League,2324,2024-05-14 Tottenham-Manchester City,Manchester City,Kyle Walker,2,ENG,RB,33-352,90,53,43,10,2,0,1,0,8,0,0,0,0,46,0,1,2ba17e6d
10992,ENG-Premier League,2324,2024-05-14 Tottenham-Manchester City,Manchester City,Manuel Akanji,25,SUI,CB,28-300,90,55,52,3,3,0,2,0,0,0,0,0,0,52,0,1,2ba17e6d
10993,ENG-Premier League,2324,2024-05-14 Tottenham-Manchester City,Manchester City,Mateo Kovačić,8,CRO,DM,30-008,90,73,71,2,2,0,0,0,0,0,0,0,0,70,0,0,2ba17e6d
10994,ENG-Premier League,2324,2024-05-14 Tottenham-Manchester City,Manchester City,Phil Foden,47,ENG,"LW,AM",23-352,90,49,45,4,1,0,0,5,0,3,3,0,0,42,0,1,2ba17e6d
10995,ENG-Premier League,2324,2024-05-14 Tottenham-Manchester City,Manchester City,Rodri,16,ESP,DM,27-327,90,76,74,1,1,0,2,0,0,0,0,0,0,66,1,0,2ba17e6d
10996,ENG-Premier League,2324,2024-05-14 Tottenham-Manchester City,Manchester City,Rúben Dias,3,POR,CB,27-000,90,62,59,3,1,0,1,1,0,0,0,0,0,60,0,0,2ba17e6d
10997,ENG-Premier League,2324,2024-05-14 Tottenham-Manchester City,Manchester City,Stefan Ortega,18,GER,GK,31-190,22,8,5,3,2,0,0,0,0,0,0,0,0,4,0,0,2ba17e6d
11325,ENG-Premier League,2324,2024-05-19 Manchester City-West Ham,Manchester City,Bernardo Silva,20,POR,RM,29-283,90,87,87,0,0,0,0,1,0,0,0,0,0,80,0,1,29335211
11326,ENG-Premier League,2324,2024-05-19 Manchester City-West Ham,Manchester City,Erling Haaland,9,NOR,FW,23-303,90,17,15,2,0,0,0,0,1,0,0,0,0,13,0,0,29335211
11327,ENG-Premier League,2324,2024-05-19 Manchester City-West Ham,Manchester City,Jeremy Doku,11,BEL,LM,21-358,90,33,33,0,0,0,0,1,0,0,0,0,0,28,0,0,29335211
11328,ENG-Premier League,2324,2024-05-19 Manchester City-West Ham,Manchester City,Joško Gvardiol,24,CRO,LB,22-117,90,83,73,9,1,0,0,0,8,0,0,0,0,77,1,0,29335211
11329,ENG-Premier League,2324,2024-05-19 Manchester City-West Ham,Manchester City,Kevin De Bruyne,17,BEL,CM,32-326,90,93,82,9,2,2,0,5,3,3,3,0,0,83,2,1,29335211
11330,ENG-Premier League,2324,2024-05-19 Manchester City-West Ham,Manchester City,Kyle Walker,2,ENG,RB,33-357,90,114,111,3,0,0,1,0,3,0,0,0,0,111,0,0,29335211
11331,ENG-Premier League,2324,2024-05-19 Manchester City-West Ham,Manchester City,Manuel Akanji,25,SUI,CB,28-305,70,79,77,2,2,0,0,0,0,0,0,0,0,74,0,1,29335211
11332,ENG-Premier League,2324,2024-05-19 Manchester City-West Ham,Manchester City,Mateo Kovačić,8,CRO,CM,30-013,1,4,4,0,0,0,0,0,0,0,0,0,0,3,0,0,29335211
11333,ENG-Premier League,2324,2024-05-19 Manchester City-West Ham,Manchester City,Nathan Aké,6,NED,CB,29-091,20,19,19,0,0,0,1,0,0,0,0,0,0,16,0,0,29335211
11334,ENG-Premier League,2324,2024-05-19 Manchester City-West Ham,Manchester City,Phil Foden,47,ENG,CM,23-357,89,85,76,9,1,0,0,7,0,8,6,1,0,75,0,0,29335211
11335,ENG-Premier League,2324,2024-05-19 Manchester City-West Ham,Manchester City,Rodri,16,ESP,DM,27-332,90,125,122,3,3,0,1,0,0,0,0,0,0,117,0,0,29335211
11336,ENG-Premier League,2324,2024-05-19 Manchester City-West Ham,Manchester City,Rúben Dias,3,POR,CB,27-005,90,58,58,0,0,0,0,0,0,0,0,0,0,56,0,0,29335211
11337,ENG-Premier League,2324,2024-05-19 Manchester City-West Ham,Manchester City,Stefan Ortega,18,GER,GK,31-195,90,18,17,1,1,0,0,0,0,0,0,0,0,16,0,0,29335211
